minute,gpu_util,cpu_util,mem_pressure,temperature,ecc_event,network_state,throughput_factor,recovery_loss_potential,warning_window
0,54.98,58.03,51.96,73.34,0,1.0,54.98,0,0
1,42.32,54.65,48.03,67.33,0,1.0,42.32,1,0
2,73.3,28.49,35.45,76.97,0,1.0,73.3,2,0
3,57.28,31.65,48.36,70.64,0,1.0,57.28,3,0
4,58.24,51.41,35.99,73.18,0,1.0,58.24,4,0
5,64.3,26.82,31.95,74.11,0,1.0,64.3,5,0
6,52.18,23.91,50.53,68.28,0,1.0,52.18,6,0
7,41.38,56.37,37.76,66.47,0,1.0,41.38,7,0
8,61.87,27.39,59.09,74.08,0,1.0,61.87,8,0
9,63.92,56.87,32.65,75.47,0,1.0,63.92,9,0
10,55.55,30.85,54.86,70.54,0,1.0,55.55,10,0
11,45.64,52.09,32.24,68.33,0,1.0,45.64,11,0
12,40.22,52.62,51.21,66.38,0,1.0,40.22,12,0
13,54.34,24.63,55.89,69.96,0,1.0,54.34,13,0
14,52.44,33.01,51.89,69.77,0,1.0,52.44,14,0
15,44.78,48.53,52.82,67.77,0,1.0,44.78,15,0
16,60.91,37.1,30.76,71.87,0,1.0,60.91,16,0
17,52.57,40.34,57.23,70.05,0,1.0,52.57,17,0
18,49.15,23.08,38.69,65.68,0,1.0,49.15,18,0
19,65.34,54.86,54.11,76.97,0,1.0,65.34,19,0
20,72.3,55.84,39.54,79.32,0,1.0,72.3,20,0
21,72.72,54.43,30.21,79.7,0,1.0,72.72,21,0
22,44.79,33.5,58.29,66.07,0,1.0,44.79,22,0
23,54.55,58.87,58.87,72.88,0,1.0,54.55,23,0
24,51.39,21.48,48.29,67.69,0,1.0,51.39,24,0
25,76.33,29.58,34.35,79.0,0,1.0,76.33,25,0
26,66.89,50.46,37.13,77.46,0,1.0,66.89,26,0
27,65.34,41.43,32.71,75.85,0,1.0,65.34,27,0
28,41.63,43.64,50.33,64.65,0,1.0,41.63,28,0
29,65.81,26.97,50.73,74.62,0,1.0,65.81,29,0
30,53.64,24.54,57.74,70.23,0,1.0,53.64,30,0
31,72.69,42.21,45.89,78.71,0,1.0,72.69,31,0
32,76.02,45.32,40.17,80.45,0,1.0,76.02,32,0
33,75.48,51.2,49.26,80.72,0,1.0,75.48,33,0
34,64.26,20.37,33.04,72.93,0,1.0,64.26,34,0
35,61.95,47.68,49.56,74.57,0,1.0,61.95,35,0
36,53.02,49.86,49.49,72.02,0,1.0,53.02,36,0
37,43.75,34.71,37.96,64.54,0,1.0,43.75,37,0
38,75.68,45.25,53.84,81.28,0,1.0,75.68,38,0
39,47.81,48.9,38.42,67.37,0,1.0,47.81,39,0
40,77.62,58.16,57.45,83.36,0,1.0,77.62,40,0
41,57.13,58.67,58.91,75.23,0,1.0,57.13,41,0
42,74.05,32.68,35.08,78.46,0,1.0,74.05,42,0
43,62.8,23.89,48.45,74.05,0,1.0,62.8,43,0
44,75.09,49.63,50.91,81.71,0,1.0,75.09,44,0
45,72.37,52.4,56.01,81.44,0,1.0,72.37,45,0
46,71.93,46.0,51.06,80.11,0,1.0,71.93,46,0
47,55.02,23.76,47.35,68.58,0,1.0,55.02,47,0
48,51.46,43.63,30.92,68.14,0,1.0,51.46,48,0
49,45.08,40.89,53.1,66.46,0,1.0,45.08,49,0
50,42.07,41.25,46.22,65.64,0,1.0,42.07,50,0
51,60.65,32.92,53.86,72.82,0,1.0,60.65,51,0
52,41.01,58.51,55.08,67.45,0,1.0,41.01,52,0
53,46.26,30.01,46.48,66.57,0,1.0,46.26,53,0
54,78.19,49.52,46.63,82.69,0,1.0,78.19,54,0
55,54.24,50.31,30.43,70.19,0,1.0,54.24,55,0
56,74.22,48.15,44.23,79.62,0,1.0,74.22,56,0
57,46.93,37.35,41.96,67.18,0,1.0,46.93,57,0
58,54.98,45.03,45.09,72.21,0,1.0,54.98,58,0
59,42.82,45.7,30.8,65.55,0,1.0,42.82,59,0
60,55.53,45.73,43.75,71.84,0,1.0,55.53,60,0
61,78.45,56.21,35.87,81.86,0,1.0,78.45,61,0
62,43.78,47.32,32.14,65.68,0,1.0,43.78,62,0
63,72.58,31.27,33.54,77.86,0,1.0,72.58,63,0
64,69.4,52.14,38.46,77.72,0,1.0,69.4,64,0
65,79.62,36.5,41.16,82.09,0,1.0,79.62,65,0
66,74.34,37.16,52.53,80.3,0,1.0,74.34,66,0
67,60.21,53.06,39.6,75.17,0,1.0,60.21,67,0
68,76.22,23.65,39.58,79.54,0,1.0,76.22,68,0
69,65.27,37.94,38.8,74.76,0,1.0,65.27,69,0
70,71.66,51.58,32.74,79.03,0,1.0,71.66,70,0
71,57.66,55.51,40.53,72.76,0,1.0,57.66,71,0
72,64.73,24.04,32.52,73.56,0,1.0,64.73,72,0
73,68.25,23.25,32.55,75.64,0,1.0,68.25,73,0
74,72.51,57.89,59.58,81.91,0,1.0,72.51,74,0
75,71.09,42.34,42.73,79.17,0,1.0,71.09,75,0
76,40.45,38.75,31.69,62.9,0,1.0,40.45,76,0
77,69.84,43.33,58.87,78.46,0,1.0,69.84,77,0
78,48.94,58.53,30.36,70.34,0,1.0,48.94,78,0
79,61.11,59.72,32.21,75.19,0,1.0,61.11,79,0
80,65.18,47.83,43.64,76.55,0,1.0,65.18,80,0
81,41.82,31.24,58.51,65.65,0,1.0,41.82,81,0
82,51.1,27.52,43.91,67.65,0,1.0,51.1,82,0
83,78.98,59.45,50.94,84.1,0,1.0,78.98,83,0
84,67.39,26.5,57.33,76.49,0,1.0,67.39,84,0
85,64.54,36.73,57.98,76.35,0,1.0,64.54,85,0
86,55.06,52.42,59.62,72.3,0,1.0,55.06,86,0
87,78.8,53.68,55.15,83.52,0,1.0,78.8,87,0
88,42.26,54.59,54.39,68.19,0,1.0,42.26,88,0
89,70.76,57.79,55.49,79.89,0,1.0,70.76,89,0
90,78.16,44.25,36.86,81.78,0,1.0,78.16,90,0
91,44.54,46.86,45.61,67.56,0,1.0,44.54,91,0
92,62.08,42.44,56.3,74.8,0,1.0,62.08,92,0
93,70.21,44.81,51.12,78.06,0,1.0,70.21,93,0
94,54.02,43.6,41.77,70.63,0,1.0,54.02,94,0
95,60.56,51.35,41.9,74.73,0,1.0,60.56,95,0
96,45.88,57.06,44.76,68.11,0,0.7,39.0,96,0
97,59.7,33.15,49.0,72.11,0,0.7,50.75,97,0
98,45.12,26.08,34.16,64.9,0,0.7,38.35,98,0
99,75.87,38.96,50.03,79.88,0,1.0,75.87,99,0
100,46.76,31.14,35.31,65.1,0,1.0,46.76,100,0
101,48.25,34.57,45.1,67.81,0,1.0,48.25,101,0
102,65.12,23.27,56.21,75.28,0,1.0,65.12,102,0
103,72.25,49.93,35.54,78.7,0,1.0,72.25,103,0
104,64.73,34.76,43.88,75.29,0,1.0,64.73,104,0
105,68.53,55.81,45.35,78.75,0,1.0,68.53,105,0
106,61.3,29.7,38.08,72.22,0,1.0,61.3,106,0
107,48.46,33.1,33.59,67.58,0,1.0,48.46,107,0
108,71.57,39.94,32.61,77.9,0,1.0,71.57,108,0
109,57.27,25.1,38.51,69.93,0,1.0,57.27,109,0
110,54.24,59.46,48.17,72.24,0,1.0,54.24,110,0
111,49.84,26.43,35.6,66.42,0,1.0,49.84,111,0
112,43.21,40.98,42.31,66.62,0,1.0,43.21,112,0
113,78.78,54.62,54.51,83.15,0,1.0,78.78,113,0
114,77.18,42.27,47.15,80.87,0,1.0,77.18,114,0
115,52.95,37.02,45.23,69.27,0,1.0,52.95,115,0
116,51.55,43.25,34.63,69.21,0,1.0,51.55,116,0
117,53.46,25.38,31.9,69.17,0,1.0,53.46,117,0
118,50.19,47.26,52.81,70.14,0,1.0,50.19,118,0
119,53.95,57.18,54.92,73.67,0,1.0,53.95,119,0
120,77.53,27.25,31.99,79.7,0,1.0,77.53,0,0
121,45.59,51.81,36.05,66.83,0,1.0,45.59,1,0
122,66.61,40.92,40.76,76.86,0,1.0,66.61,2,0
123,57.57,35.08,43.88,71.21,0,1.0,57.57,3,0
124,49.29,55.98,41.52,69.94,0,1.0,49.29,4,0
125,44.68,57.59,48.83,67.97,0,1.0,44.68,5,0
126,64.8,41.34,56.82,76.71,0,1.0,64.8,6,0
127,49.94,49.76,31.01,69.14,0,1.0,49.94,7,0
128,53.68,52.85,33.32,71.8,0,1.0,53.68,8,0
129,71.89,26.0,36.88,77.24,0,1.0,71.89,9,0
130,67.76,41.71,37.55,76.23,0,1.0,67.76,10,0
131,63.34,36.03,43.86,75.19,0,1.0,63.34,11,0
132,60.24,44.46,30.54,73.82,0,1.0,60.24,12,0
133,67.87,56.9,51.22,78.1,0,1.0,67.87,13,0
134,56.97,49.46,58.03,74.33,0,1.0,56.97,14,0
135,79.39,53.56,33.74,83.61,0,1.0,79.39,15,0
136,63.65,35.96,31.64,73.49,0,1.0,63.65,16,0
137,53.34,35.93,46.12,70.74,0,1.0,53.34,17,0
138,69.5,38.09,36.74,76.83,0,1.0,69.5,18,0
139,59.93,36.76,57.45,73.24,0,1.0,59.93,19,0
140,40.52,46.54,35.34,65.58,0,1.0,40.52,20,0
141,43.41,59.87,45.07,67.97,0,1.0,43.41,21,0
142,48.4,55.92,36.15,68.56,0,1.0,48.4,22,0
143,62.59,22.63,53.27,73.0,0,1.0,62.59,23,0
144,56.03,42.39,34.66,70.55,0,1.0,56.03,24,0
145,54.93,30.83,49.32,70.09,0,1.0,54.93,25,0
146,68.64,46.36,30.81,76.51,0,1.0,68.64,26,0
147,40.79,24.16,54.0,62.83,0,1.0,40.79,27,0
148,43.98,29.73,51.67,66.06,0,1.0,43.98,28,0
149,66.72,28.2,38.79,75.58,0,1.0,66.72,29,0
150,48.32,21.06,35.44,65.79,0,1.0,48.32,30,0
151,72.7,33.67,37.78,77.73,0,1.0,72.7,31,0
152,64.97,36.38,46.56,75.07,0,1.0,64.97,32,0
153,70.54,25.6,56.05,77.08,0,1.0,70.54,33,0
154,57.01,20.9,38.06,69.73,0,1.0,57.01,34,0
155,45.57,53.4,59.53,68.88,0,1.0,45.57,35,0
156,40.74,56.57,33.53,65.82,0,1.0,40.74,36,0
157,66.06,53.19,36.19,75.88,0,1.0,66.06,37,0
158,74.96,43.9,48.02,80.85,0,1.0,74.96,38,0
159,56.75,35.33,45.57,70.44,0,1.0,56.75,39,0
160,43.31,44.13,37.36,65.55,0,1.0,43.31,40,0
161,68.76,31.88,46.99,76.43,0,1.0,68.76,41,0
162,69.3,28.6,30.94,75.12,0,1.0,69.3,42,0
163,59.85,43.87,40.03,73.87,0,1.0,59.85,43,0
164,69.13,39.82,50.65,77.49,0,1.0,69.13,44,0
165,71.98,47.79,38.16,79.26,0,1.0,71.98,45,0
166,76.69,25.47,58.51,79.88,0,1.0,76.69,46,0
167,74.92,49.29,54.2,81.67,0,1.0,74.92,47,0
168,49.99,39.58,36.64,69.26,0,1.0,49.99,48,0
169,68.22,57.01,35.42,78.31,0,1.0,68.22,49,0
170,67.9,31.89,57.73,77.57,0,1.0,67.9,50,0
171,74.48,53.78,39.57,81.53,0,1.0,74.48,51,0
172,49.2,24.82,32.31,66.63,0,1.0,49.2,52,0
173,42.61,32.61,46.18,65.33,0,1.0,42.61,53,0
174,75.44,44.63,36.99,79.31,0,1.0,75.44,54,0
175,74.99,41.16,58.17,81.37,0,1.0,74.99,55,0
176,70.69,36.08,44.4,77.89,0,0.7,60.08,56,0
177,70.73,36.71,42.64,78.11,0,0.7,60.12,57,0
178,54.18,31.49,38.89,68.94,0,1.0,54.18,58,0
179,79.51,37.11,41.53,81.93,0,1.0,79.51,59,0
180,71.45,23.58,42.53,77.4,0,1.0,71.45,60,0
181,64.54,26.68,59.74,74.16,0,1.0,64.54,61,0
182,64.31,40.51,36.92,74.19,0,1.0,64.31,62,0
183,71.18,34.01,31.74,77.96,0,1.0,71.18,63,0
184,79.8,26.96,41.89,81.21,0,1.0,79.8,64,0
185,72.63,28.98,36.71,77.49,0,1.0,72.63,65,0
186,43.66,55.1,37.97,66.31,0,1.0,43.66,66,0
187,74.49,52.38,49.66,81.34,0,1.0,74.49,67,0
188,54.91,30.39,51.7,70.32,0,1.0,54.91,68,0
189,67.33,23.05,55.54,75.37,0,1.0,67.33,69,0
190,72.99,33.91,50.34,78.88,0,1.0,72.99,70,0
191,71.9,46.34,55.52,80.5,0,1.0,71.9,71,0
192,67.9,47.21,48.56,78.21,0,1.0,67.9,72,0
193,74.87,21.17,54.77,77.81,0,1.0,74.87,73,0
194,46.43,52.72,54.96,68.93,0,1.0,46.43,74,0
195,64.68,59.25,48.95,77.0,0,1.0,64.68,75,0
196,71.19,24.28,52.83,77.19,0,1.0,71.19,76,0
197,65.3,57.28,33.08,77.64,0,1.0,65.3,77,0
198,52.04,48.33,32.02,70.02,0,1.0,52.04,78,0
199,41.83,54.86,59.2,68.21,0,1.0,41.83,79,0
200,70.33,20.98,30.66,74.93,0,1.0,70.33,80,0
201,67.33,37.84,38.21,76.99,0,1.0,67.33,81,0
202,46.54,51.79,50.81,68.11,0,1.0,46.54,82,0
203,66.18,30.93,58.53,75.1,0,1.0,66.18,83,0
204,56.79,45.54,41.93,71.75,0,1.0,56.79,84,0
205,75.76,29.2,36.39,77.9,0,1.0,75.76,85,0
206,74.57,38.93,59.05,79.77,0,1.0,74.57,86,0
207,70.84,53.79,52.83,80.15,0,1.0,70.84,87,0
208,76.83,44.67,53.9,81.7,0,1.0,76.83,88,0
209,67.42,37.21,36.02,75.85,0,1.0,67.42,89,0
210,50.76,51.9,39.31,69.91,0,1.0,50.76,90,0
211,55.7,39.2,48.0,70.97,0,1.0,55.7,91,0
212,71.19,21.58,44.42,75.63,0,0.7,60.51,92,0
213,45.7,39.96,48.54,67.39,0,1.0,45.7,93,0
214,53.06,40.71,32.64,69.28,0,1.0,53.06,94,0
215,55.88,25.31,47.03,70.41,0,1.0,55.88,95,0
216,46.7,24.18,49.09,66.3,0,1.0,46.7,96,0
217,42.08,41.65,51.27,66.41,0,1.0,42.08,97,0
218,53.58,52.59,32.4,71.78,0,1.0,53.58,98,0
219,58.09,45.74,45.79,73.47,0,1.0,58.09,99,0
220,49.88,26.38,56.15,67.33,0,1.0,49.88,100,0
221,47.28,51.59,49.76,68.92,0,1.0,47.28,101,0
222,49.14,59.85,59.24,71.36,0,1.0,49.14,102,0
223,42.89,21.23,37.73,63.23,0,1.0,42.89,103,0
224,69.71,37.02,40.38,76.83,0,1.0,69.71,104,0
225,74.68,43.15,43.16,80.53,0,1.0,74.68,105,0
226,76.03,36.87,38.3,80.0,0,1.0,76.03,106,0
227,64.92,45.26,51.99,75.6,0,1.0,64.92,107,0
228,47.19,29.5,59.14,66.5,0,1.0,47.19,108,0
229,49.89,54.83,43.36,70.13,0,1.0,49.89,109,0
230,46.54,35.64,59.08,66.98,0,1.0,46.54,110,0
231,70.94,25.23,59.09,77.31,0,1.0,70.94,111,0
232,46.79,40.79,40.11,67.8,0,1.0,46.79,112,0
233,64.69,48.27,35.01,75.02,0,1.0,64.69,113,0
234,66.55,38.99,55.33,77.22,0,1.0,66.55,114,0
235,48.23,24.48,38.09,65.17,0,1.0,48.23,115,0
236,41.57,24.88,43.57,64.24,0,1.0,41.57,116,0
237,41.66,25.93,59.6,65.25,0,1.0,41.66,117,0
238,65.56,54.72,43.64,77.19,0,1.0,65.56,118,0
239,45.59,21.2,39.24,65.0,0,1.0,45.59,119,0
240,78.8,23.76,50.18,80.23,0,1.0,78.8,0,0
241,67.71,53.52,58.34,79.1,0,1.0,67.71,1,0
242,74.76,42.82,30.91,80.33,0,1.0,74.76,2,0
243,48.63,46.36,41.82,68.91,0,1.0,48.63,3,0
244,79.98,21.93,59.32,80.96,0,1.0,79.98,4,0
245,62.68,49.54,56.36,75.79,0,1.0,62.68,5,0
246,72.31,50.49,53.93,80.16,0,1.0,72.31,6,0
247,61.78,20.23,39.74,71.54,0,1.0,61.78,7,0
248,55.54,37.95,37.13,70.39,0,1.0,55.54,8,0
249,64.14,46.73,48.58,75.89,0,1.0,64.14,9,0
250,60.76,39.17,30.77,72.48,0,1.0,60.76,10,0
251,63.21,41.34,48.24,75.52,0,1.0,63.21,11,0
252,78.22,20.73,35.87,78.08,0,1.0,78.22,12,0
253,49.74,57.08,31.81,70.55,0,1.0,49.74,13,0
254,59.43,30.27,38.55,71.31,0,1.0,59.43,14,0
255,52.45,44.41,51.48,70.16,0,1.0,52.45,15,0
256,47.25,47.24,35.44,67.81,0,1.0,47.25,16,0
257,62.69,30.26,58.89,74.15,0,1.0,62.69,17,0
258,41.74,45.33,58.54,66.44,0,1.0,41.74,18,0
259,49.12,28.48,48.33,67.19,0,1.0,49.12,19,0
260,54.14,29.47,53.42,69.53,0,1.0,54.14,20,0
261,66.7,23.82,48.72,74.74,0,1.0,66.7,21,0
262,69.47,54.51,36.5,77.73,0,1.0,69.47,22,0
263,64.28,41.87,36.96,74.74,0,1.0,64.28,23,0
264,79.51,25.46,50.85,80.68,0,1.0,79.51,24,0
265,67.7,59.65,33.85,77.33,0,1.0,67.7,25,0
266,50.97,23.18,32.57,67.67,0,1.0,50.97,26,0
267,49.07,34.2,32.08,67.14,0,1.0,49.07,27,0
268,49.35,41.6,56.4,69.49,0,1.0,49.35,28,0
269,53.32,46.78,59.82,71.99,0,1.0,53.32,29,0
270,58.61,22.41,46.87,71.87,0,1.0,58.61,30,0
271,48.04,41.43,32.9,67.31,0,1.0,48.04,31,0
272,66.6,51.82,57.82,77.51,0,1.0,66.6,32,0
273,79.7,57.08,46.2,84.57,0,1.0,79.7,33,0
274,43.56,50.21,33.83,66.97,0,1.0,43.56,34,0
275,41.45,32.13,37.89,63.48,0,1.0,41.45,35,0
276,62.15,32.22,41.91,73.18,0,1.0,62.15,36,0
277,76.78,39.88,59.76,82.23,0,1.0,76.78,37,0
278,44.65,52.7,41.42,68.19,0,1.0,44.65,38,0
279,71.6,32.19,32.43,76.87,0,1.0,71.6,39,0
280,53.84,59.02,49.23,73.24,0,1.0,53.84,40,0
281,76.91,39.48,48.19,81.5,0,1.0,76.91,41,0
282,55.95,25.85,41.03,68.95,0,1.0,55.95,42,0
283,78.52,41.98,58.97,82.35,0,1.0,78.52,43,0
284,57.58,24.23,49.22,70.23,0,1.0,57.58,44,0
285,46.08,22.45,53.42,65.57,0,0.7,39.17,45,0
286,42.31,47.8,59.51,66.27,0,0.7,35.96,46,0
287,52.13,24.04,50.76,67.53,0,0.4,31.28,47,0
288,72.56,44.61,39.19,79.32,0,0.4,43.54,48,0
289,45.23,55.46,43.49,67.46,0,0.4,27.14,49,0
290,73.1,49.34,53.08,79.51,0,0.4,43.86,50,0
291,40.77,30.39,52.81,63.3,0,0.4,24.46,51,0
292,40.48,29.65,59.28,64.75,0,0.4,24.29,52,0
293,44.39,41.92,43.63,67.04,0,0.4,26.63,53,0
294,46.0,32.99,52.12,66.56,0,0.4,27.6,54,0
295,58.38,51.4,56.76,75.16,0,0.4,35.03,55,0
296,67.53,37.5,37.64,76.7,0,0.4,40.52,56,0
297,58.46,45.49,49.78,74.13,0,0.4,35.08,57,0
298,42.67,40.74,34.51,65.47,0,0.4,25.6,58,0
299,41.67,23.39,51.49,62.81,0,0.7,35.42,59,0
300,78.26,49.5,40.6,81.79,0,0.7,66.52,60,0
301,66.45,27.41,35.22,73.6,0,0.7,56.49,61,0
302,50.6,20.84,32.47,67.41,0,0.7,43.01,62,0
303,64.99,35.28,36.17,73.82,0,0.7,55.24,63,0
304,65.76,41.21,31.26,76.21,0,0.7,55.89,64,0
305,79.2,44.08,47.47,82.92,0,0.7,67.32,65,0
306,45.12,33.53,57.84,66.0,0,0.7,38.36,66,0
307,57.58,44.52,58.29,72.76,0,0.7,48.94,67,0
308,75.48,45.83,38.58,81.11,0,0.7,64.16,68,0
309,76.76,30.09,52.65,80.1,0,0.7,65.24,69,0
310,71.06,46.25,35.32,78.46,0,0.7,60.4,70,0
311,41.73,26.59,33.95,63.59,0,0.7,35.47,71,0
312,60.23,53.63,51.98,75.15,0,0.7,51.2,72,0
313,51.9,42.6,50.67,70.9,0,0.7,44.12,73,0
314,46.4,38.46,30.28,65.73,0,0.4,27.84,74,0
315,43.97,36.06,54.0,65.5,0,0.4,26.38,75,0
316,64.64,27.52,40.66,74.44,0,0.7,54.94,76,0
317,70.44,21.41,52.37,75.86,0,0.7,59.87,77,0
318,53.08,25.96,39.17,69.19,0,0.7,45.12,78,0
319,57.94,48.88,56.59,73.98,0,0.7,49.25,79,0
320,67.82,20.13,48.59,74.67,0,0.7,57.65,80,0
321,63.53,39.24,49.27,74.1,0,0.7,54.0,81,0
322,62.43,44.14,50.29,75.63,0,0.7,53.06,82,0
323,59.93,23.08,31.76,70.53,0,0.7,50.94,83,0
324,71.54,40.69,43.21,77.72,0,0.7,60.81,84,0
325,43.54,28.82,47.95,65.35,0,0.7,37.01,85,0
326,65.7,36.85,49.09,76.28,0,0.7,55.85,86,0
327,73.59,35.35,47.16,79.19,0,0.7,62.55,87,0
328,53.38,21.05,30.73,68.33,0,0.7,45.37,88,0
329,51.95,57.63,37.78,70.89,0,0.7,44.16,89,0
330,47.44,52.11,43.75,68.71,0,0.7,40.33,90,0
331,69.12,39.86,43.11,77.7,0,0.7,58.75,91,0
332,64.41,25.41,52.54,74.47,0,0.7,54.75,92,0
333,42.28,31.29,37.85,63.54,0,0.7,35.94,93,0
334,50.88,50.38,43.49,70.66,0,0.7,43.25,94,0
335,41.34,22.51,57.19,62.99,0,0.7,35.14,95,0
336,53.89,55.99,30.65,71.71,0,0.7,45.81,96,0
337,77.47,22.09,42.56,78.72,0,0.4,46.48,97,0
338,50.26,46.17,35.94,69.16,0,0.4,30.16,98,0
339,64.34,33.98,33.42,73.33,0,0.4,38.6,99,0
340,74.02,42.45,45.7,79.07,0,0.4,44.41,100,0
341,42.71,48.31,46.31,65.53,0,0.4,25.62,101,0
342,46.63,57.83,55.5,69.88,0,0.4,27.98,102,0
343,66.04,41.82,31.87,75.52,0,0.4,39.62,103,0
344,42.08,51.45,36.04,65.4,0,0.4,25.25,104,0
345,70.27,40.78,36.15,78.26,0,0.4,42.16,105,0
346,49.55,38.05,59.55,69.62,0,0.4,29.73,106,0
347,58.56,56.37,46.16,74.29,0,0.4,35.13,107,0
348,72.88,35.22,53.27,79.91,0,0.4,43.73,108,0
349,51.49,51.71,47.33,70.98,0,0.4,30.89,109,0
350,76.6,41.32,34.74,80.73,0,0.4,45.96,110,0
351,74.29,56.25,38.31,81.94,0,0.4,44.57,111,0
352,47.37,55.76,49.63,68.68,0,0.4,28.42,112,0
353,43.34,55.3,54.11,67.75,0,0.4,26.0,113,0
354,79.36,46.72,49.04,82.17,0,0.4,47.62,114,0
355,46.49,20.5,46.79,65.37,0,0.4,27.89,115,0
356,43.18,49.26,35.62,66.85,0,0.4,25.91,116,0
357,68.41,32.57,44.14,76.89,0,0.4,41.05,117,0
358,59.77,53.13,40.06,73.56,0,0.4,35.86,118,0
359,44.03,29.59,34.26,64.18,0,0.4,26.42,119,0
360,66.05,44.84,40.57,76.92,0,0.4,39.63,0,0
361,65.37,25.05,50.29,74.08,0,0.4,39.22,1,0
362,47.0,54.23,36.82,69.09,0,0.4,28.2,2,0
363,67.77,40.51,39.16,75.93,0,0.4,40.66,3,0
364,66.13,57.53,56.14,78.85,0,0.4,39.68,4,0
365,50.41,56.29,50.12,70.94,0,0.4,30.25,5,0
366,58.41,54.58,46.4,73.83,0,0.4,35.05,6,0
367,56.9,21.68,52.2,71.22,0,0.4,34.14,7,0
368,51.69,56.43,52.62,72.14,0,0.4,31.01,8,0
369,69.07,32.19,54.88,76.61,0,0.4,41.44,9,0
370,68.15,41.63,32.9,75.96,0,0.4,40.89,10,0
371,52.05,43.93,38.92,69.36,0,0.7,44.24,11,0
372,76.12,54.09,50.03,82.35,0,0.7,64.7,12,0
373,43.16,29.58,53.84,64.14,0,0.4,25.9,13,0
374,74.23,40.86,31.91,79.75,0,0.4,44.54,14,0
375,43.75,56.39,50.08,68.49,0,0.4,26.25,15,0
376,60.7,37.22,39.51,72.88,0,0.4,36.42,16,0
377,75.7,37.74,48.21,80.51,0,0.4,45.42,17,0
378,49.5,40.49,33.13,67.75,0,0.4,29.7,18,0
379,78.02,44.03,52.31,82.14,0,0.4,46.81,19,0
380,50.18,34.47,44.17,67.33,0,0.4,30.11,20,0
381,78.86,33.25,44.46,80.43,0,0.4,47.32,21,0
382,48.28,40.66,30.17,66.32,0,0.7,41.04,22,0
383,44.32,33.55,54.08,66.15,0,0.7,37.67,23,0
384,77.27,35.88,32.61,80.22,0,0.7,65.68,24,0
385,60.3,54.97,44.81,75.28,0,0.7,51.25,25,0
386,50.99,35.78,42.65,68.48,0,0.7,43.34,26,0
387,64.32,32.37,54.71,75.83,0,1.0,64.32,27,0
388,65.46,22.05,37.73,72.67,0,1.0,65.46,28,0
389,44.58,35.35,43.69,65.52,0,1.0,44.58,29,0
390,70.05,22.84,32.41,75.14,0,1.0,70.05,30,0
391,67.15,34.48,47.81,75.07,0,1.0,67.15,31,0
392,64.5,54.95,51.72,76.35,0,1.0,64.5,32,0
393,61.36,25.69,30.35,71.54,0,1.0,61.36,33,0
394,63.09,21.75,33.69,72.37,0,1.0,63.09,34,0
395,66.09,53.82,50.77,77.52,0,1.0,66.09,35,0
396,52.25,51.56,43.39,71.44,0,1.0,52.25,36,0
397,76.67,37.24,39.57,80.37,0,1.0,76.67,37,0
398,68.22,47.54,41.24,76.85,0,1.0,68.22,38,0
399,75.6,33.84,34.63,78.19,0,1.0,75.6,39,0
400,53.62,22.87,42.29,68.15,0,1.0,53.62,40,0
401,54.58,28.72,59.64,70.32,0,1.0,54.58,41,0
402,59.42,21.1,45.16,72.04,0,1.0,59.42,42,0
403,41.24,35.52,34.8,62.9,0,1.0,41.24,43,0
404,51.57,56.0,33.48,71.39,0,1.0,51.57,44,0
405,64.12,53.07,59.52,76.71,0,1.0,64.12,45,0
406,55.42,33.62,46.24,69.92,0,1.0,55.42,46,0
407,70.48,53.35,43.21,78.81,0,1.0,70.48,47,0
408,42.31,33.7,38.11,65.25,0,1.0,42.31,48,0
409,63.22,25.57,43.32,73.42,0,1.0,63.22,49,0
410,79.75,55.21,48.7,83.98,0,1.0,79.75,50,0
411,55.81,21.58,44.27,69.57,0,1.0,55.81,51,0
412,76.38,48.89,46.0,82.3,0,1.0,76.38,52,0
413,44.99,51.77,38.27,68.09,0,1.0,44.99,53,0
414,58.51,59.24,44.5,75.2,0,1.0,58.51,54,0
415,51.43,28.13,52.85,68.37,0,1.0,51.43,55,0
416,63.09,54.62,59.42,76.64,0,1.0,63.09,56,0
417,62.94,58.24,36.01,75.17,0,1.0,62.94,57,0
418,73.88,55.72,31.87,81.18,0,1.0,73.88,58,0
419,65.06,57.06,30.57,76.47,0,1.0,65.06,59,0
420,67.7,25.38,38.98,74.67,0,1.0,67.7,60,0
421,48.43,58.3,30.27,70.13,0,1.0,48.43,61,0
422,51.78,20.57,52.14,68.64,0,1.0,51.78,62,0
423,70.14,50.76,49.76,79.66,0,1.0,70.14,63,0
424,43.54,39.51,32.33,64.98,0,1.0,43.54,64,0
425,53.95,24.44,54.25,70.33,0,1.0,53.95,65,0
426,60.9,31.98,32.31,72.22,0,1.0,60.9,66,0
427,42.01,22.92,42.09,62.89,0,1.0,42.01,67,0
428,72.14,57.17,42.15,81.1,0,1.0,72.14,68,0
429,49.04,45.62,59.37,69.81,0,1.0,49.04,69,0
430,44.92,55.55,45.09,67.92,0,1.0,44.92,70,0
431,42.87,47.3,37.26,66.31,0,1.0,42.87,71,0
432,62.1,40.81,34.29,74.29,0,1.0,62.1,72,0
433,51.37,25.35,48.89,67.21,0,1.0,51.37,73,0
434,40.01,40.45,31.41,63.17,0,1.0,40.01,74,0
435,73.57,20.15,37.4,77.48,0,1.0,73.57,75,0
436,54.41,30.82,55.28,69.96,0,1.0,54.41,76,0
437,57.35,56.4,41.32,74.44,0,1.0,57.35,77,0
438,59.75,35.51,48.98,73.3,0,1.0,59.75,78,0
439,68.52,46.66,58.98,78.97,0,1.0,68.52,79,0
440,51.92,24.21,53.45,68.75,0,1.0,51.92,80,0
441,78.27,40.02,42.98,81.29,0,1.0,78.27,81,0
442,54.79,22.09,53.03,69.35,0,1.0,54.79,82,0
443,48.48,46.29,44.17,69.41,0,1.0,48.48,83,0
444,64.31,31.81,34.1,74.13,0,1.0,64.31,84,0
445,65.79,35.81,51.4,75.16,0,1.0,65.79,85,0
446,54.71,22.32,33.35,68.55,0,1.0,54.71,86,0
447,40.59,35.16,40.12,62.83,0,1.0,40.59,87,0
448,59.71,36.17,45.93,72.98,0,1.0,59.71,88,0
449,78.54,40.76,50.33,81.56,0,1.0,78.54,89,0
450,60.85,59.04,33.77,74.01,0,1.0,60.85,90,0
451,44.81,30.62,30.53,64.34,0,1.0,44.81,91,0
452,53.92,34.87,30.04,68.85,0,1.0,53.92,92,0
453,73.88,20.94,56.96,78.76,0,1.0,73.88,93,0
454,55.92,32.12,31.97,69.43,0,1.0,55.92,94,0
455,69.9,38.95,31.74,77.85,0,1.0,69.9,95,0
456,79.65,41.78,58.88,82.12,0,1.0,79.65,96,0
457,47.83,25.63,48.67,67.08,0,1.0,47.83,97,0
458,72.44,45.44,41.64,79.57,0,1.0,72.44,98,0
459,76.7,31.62,44.1,80.66,0,1.0,76.7,99,0
460,45.89,20.31,48.93,65.02,0,1.0,45.89,100,0
461,61.19,29.68,45.02,73.11,0,1.0,61.19,101,0
462,72.28,38.39,46.4,78.55,0,1.0,72.28,102,0
463,57.82,28.37,31.5,71.12,0,1.0,57.82,103,0
464,74.15,29.68,58.82,78.67,0,0.7,63.03,104,0
465,68.47,59.25,47.09,78.61,0,0.7,58.2,105,0
466,42.92,44.89,59.44,66.16,0,0.7,36.48,106,0
467,77.75,58.41,45.64,84.06,0,0.7,66.09,107,0
468,59.08,48.73,37.42,73.61,0,0.7,50.21,108,0
469,62.6,50.87,44.97,74.53,0,0.7,53.21,109,0
470,77.05,29.15,49.03,79.48,0,0.7,65.49,110,0
471,69.15,23.82,42.86,74.7,0,0.7,58.78,111,0
472,44.74,31.56,41.94,66.22,0,1.0,44.74,112,0
473,70.44,34.87,41.77,77.78,0,1.0,70.44,113,0
474,63.08,34.28,53.63,74.0,0,1.0,63.08,114,0
475,66.27,29.62,35.75,75.4,0,1.0,66.27,115,0
476,48.83,21.56,31.08,65.04,0,1.0,48.83,116,0
477,78.02,43.26,43.1,81.75,0,1.0,78.02,117,0
478,51.3,34.12,56.82,70.23,0,1.0,51.3,118,0
479,71.21,39.05,44.93,77.61,0,1.0,71.21,119,0
480,53.26,54.2,36.21,70.34,0,1.0,53.26,0,0
481,60.28,36.38,54.33,74.15,0,1.0,60.28,1,0
482,70.84,46.19,34.55,78.98,0,1.0,70.84,2,0
483,57.01,21.5,33.84,70.03,1,1.0,57.01,3,0
484,60.9,22.19,59.19,72.04,0,1.0,60.9,4,0
485,49.22,20.06,51.88,67.68,0,1.0,49.22,5,0
486,69.68,53.94,42.68,78.49,0,1.0,69.68,6,0
487,72.67,27.26,41.13,78.29,0,0.7,61.77,7,0
488,70.17,35.73,47.72,77.86,0,0.7,59.64,8,0
489,68.37,26.69,53.42,76.28,0,1.0,68.37,9,0
490,50.61,44.06,38.9,69.56,0,1.0,50.61,10,0
491,60.55,40.36,41.08,74.2,0,1.0,60.55,11,0
492,68.57,38.47,57.63,77.98,0,1.0,68.57,12,0
493,50.96,52.28,35.86,69.65,0,1.0,50.96,13,0
494,74.26,48.05,51.81,80.94,0,1.0,74.26,14,0
495,55.22,26.52,53.59,70.65,0,1.0,55.22,15,0
496,73.56,20.46,51.11,78.64,0,1.0,73.56,16,0
497,68.19,52.69,46.39,79.21,0,1.0,68.19,17,0
498,68.74,54.51,35.38,78.75,0,1.0,68.74,18,0
499,45.27,54.61,34.72,67.19,0,1.0,45.27,19,0
500,66.91,51.87,37.51,77.42,0,1.0,66.91,20,0
501,76.24,20.49,50.22,77.97,0,1.0,76.24,21,0
502,52.27,34.12,48.64,69.03,0,1.0,52.27,22,0
503,42.73,51.35,38.57,66.16,0,1.0,42.73,23,0
504,42.26,34.96,58.33,65.71,0,1.0,42.26,24,0
505,47.96,36.73,52.53,67.08,0,1.0,47.96,25,0
506,57.28,59.21,32.03,73.34,0,1.0,57.28,26,0
507,44.53,36.14,52.14,66.67,0,1.0,44.53,27,0
508,55.9,30.57,36.16,69.99,0,1.0,55.9,28,0
509,66.27,58.74,48.11,77.26,0,1.0,66.27,29,0
510,51.89,23.68,47.97,68.37,0,1.0,51.89,30,0
511,40.6,58.6,37.53,66.36,0,1.0,40.6,31,0
512,52.52,30.84,47.93,69.85,0,1.0,52.52,32,0
513,46.19,57.79,52.1,69.94,0,1.0,46.19,33,0
514,68.05,47.2,42.24,76.48,0,1.0,68.05,34,0
515,58.01,58.3,41.97,74.71,0,1.0,58.01,35,0
516,79.08,24.08,30.25,79.37,0,1.0,79.08,36,0
517,76.58,37.36,37.76,79.95,0,1.0,76.58,37,0
518,63.58,44.53,49.13,75.0,0,1.0,63.58,38,0
519,47.97,55.1,52.16,68.73,0,1.0,47.97,39,0
520,50.83,29.9,31.88,67.38,0,1.0,50.83,40,0
521,66.91,23.25,58.54,76.04,0,1.0,66.91,41,0
522,77.31,41.77,36.01,81.0,0,1.0,77.31,42,0
523,60.86,22.74,41.13,72.56,0,1.0,60.86,43,0
524,50.75,34.74,56.86,69.49,0,1.0,50.75,44,0
525,65.21,29.94,51.16,74.75,0,1.0,65.21,45,0
526,77.45,22.56,54.74,79.43,0,1.0,77.45,46,0
527,52.04,40.11,31.69,69.0,0,1.0,52.04,47,0
528,70.58,36.39,49.66,77.4,0,1.0,70.58,48,0
529,42.82,27.43,49.93,65.27,0,1.0,42.82,49,0
530,44.42,31.57,39.29,64.61,0,1.0,44.42,50,0
531,54.28,34.15,54.86,71.16,0,1.0,54.28,51,0
532,78.11,33.07,40.63,80.5,0,1.0,78.11,52,0
533,44.1,35.71,46.6,65.75,0,1.0,44.1,53,0
534,67.08,53.52,55.76,78.82,0,1.0,67.08,54,0
535,46.41,46.95,35.38,67.74,0,1.0,46.41,55,0
536,46.61,20.08,51.56,66.03,0,1.0,46.61,56,0
537,43.34,20.77,34.97,64.11,0,1.0,43.34,57,0
538,44.21,28.89,45.58,65.28,0,1.0,44.21,58,0
539,55.64,29.37,36.59,70.72,0,1.0,55.64,59,0
540,56.63,37.16,46.23,71.9,0,1.0,56.63,60,0
541,60.0,36.48,56.12,73.72,0,1.0,60.0,61,0
542,64.23,24.69,40.12,72.66,0,1.0,64.23,62,0
543,55.67,55.83,36.13,72.46,0,1.0,55.67,63,0
544,71.71,22.76,44.23,76.88,0,1.0,71.71,64,0
545,50.13,20.4,51.7,67.26,0,1.0,50.13,65,0
546,73.73,39.4,40.01,79.7,0,1.0,73.73,66,0
547,74.2,55.3,43.99,80.27,0,1.0,74.2,67,0
548,76.07,28.14,32.01,79.4,0,1.0,76.07,68,0
549,78.72,22.66,49.45,79.31,0,1.0,78.72,69,0
550,57.34,59.89,46.77,73.77,0,1.0,57.34,70,0
551,54.9,22.75,41.09,68.96,0,1.0,54.9,71,0
552,68.35,20.33,36.53,74.94,0,1.0,68.35,72,0
553,72.18,50.91,46.45,79.03,0,1.0,72.18,73,0
554,71.28,50.07,54.09,79.82,0,1.0,71.28,74,0
555,64.82,49.69,35.1,75.28,0,1.0,64.82,75,0
556,76.33,50.35,47.91,82.09,0,1.0,76.33,76,0
557,65.3,26.26,44.22,74.65,0,1.0,65.3,77,0
558,52.55,29.66,36.45,68.29,0,1.0,52.55,78,0
559,47.52,23.08,50.88,66.0,0,1.0,47.52,79,0
560,71.85,30.88,50.77,77.49,0,1.0,71.85,80,0
561,52.98,30.78,35.73,69.09,0,1.0,52.98,81,0
562,50.59,46.48,54.45,70.69,0,1.0,50.59,82,0
563,43.54,47.96,41.05,66.3,0,1.0,43.54,83,0
564,41.35,55.17,37.3,66.1,0,1.0,41.35,84,0
565,52.92,55.92,56.64,71.89,0,0.7,44.98,85,0
566,73.02,53.79,37.47,80.26,0,0.7,62.06,86,0
567,79.96,33.07,52.45,82.52,0,0.4,47.97,87,0
568,49.66,21.61,42.34,65.89,0,0.4,29.8,88,0
569,71.35,42.65,39.38,78.65,0,0.7,60.65,89,0
570,70.57,44.95,52.87,77.97,0,0.7,59.99,90,0
571,62.54,44.98,55.93,75.61,0,0.4,37.52,91,0
572,70.27,37.69,51.22,77.73,0,0.4,42.16,92,0
573,77.13,57.17,40.26,82.49,0,0.4,46.28,93,0
574,79.24,45.98,54.13,83.39,0,0.4,47.55,94,0
575,58.19,46.99,50.33,73.15,0,0.4,34.91,95,0
576,60.01,47.64,50.91,74.61,0,0.4,36.01,96,0
577,65.44,43.97,35.38,76.02,0,0.4,39.26,97,0
578,73.49,26.79,30.57,77.84,0,0.4,44.1,98,0
579,73.53,52.11,58.83,81.31,0,0.4,44.12,99,0
580,46.15,42.9,38.31,67.82,0,0.4,27.69,100,0
581,54.2,22.08,30.95,67.99,0,0.4,32.52,101,0
582,75.24,55.32,49.77,81.3,0,0.4,45.14,102,0
583,47.87,49.5,38.6,69.02,0,0.7,40.69,103,0
584,75.89,44.91,59.2,81.53,0,0.7,64.51,104,0
585,53.41,22.68,59.26,69.9,0,0.7,45.4,105,0
586,43.4,35.42,32.13,64.1,0,0.7,36.89,106,0
587,50.74,24.04,35.02,66.28,0,0.7,43.13,107,0
588,78.71,37.59,38.35,81.69,0,0.7,66.9,108,0
589,49.3,25.19,37.69,66.3,0,0.7,41.91,109,0
590,48.42,52.36,34.41,68.43,0,0.7,41.16,110,0
591,43.31,39.38,39.07,65.51,0,0.7,36.81,111,0
592,63.23,40.22,34.32,74.44,0,0.7,53.74,112,0
593,43.29,38.38,39.19,65.92,0,0.7,36.8,113,0
594,58.34,49.0,47.23,73.85,0,0.7,49.59,114,0
595,52.56,41.52,55.2,71.54,0,0.7,44.67,115,0
596,47.81,39.58,52.25,68.07,0,0.7,40.64,116,0
597,54.46,54.39,42.2,71.71,0,0.7,46.29,117,0
598,45.04,27.86,58.54,65.33,0,0.7,38.28,118,0
599,59.58,45.79,36.89,73.34,0,0.7,50.65,119,0
600,45.65,42.84,35.56,66.16,0,0.7,38.8,0,0
601,73.03,31.43,57.81,79.84,0,0.7,62.07,1,0
602,54.98,51.91,41.02,71.16,0,0.7,46.73,2,0
603,71.84,27.0,50.18,76.98,0,0.7,61.06,3,0
604,49.99,30.53,30.02,67.79,0,0.7,42.49,4,0
605,70.01,26.08,43.75,76.0,0,0.7,59.51,5,0
606,76.83,21.6,38.74,78.09,0,0.7,65.31,6,0
607,58.72,38.65,52.82,72.24,0,0.7,49.91,7,0
608,63.88,59.98,53.08,77.19,0,0.7,54.29,8,0
609,41.22,28.18,40.21,63.4,0,0.7,35.04,9,0
610,60.39,40.05,31.51,71.83,0,0.7,51.34,10,0
611,73.57,26.43,30.75,77.18,0,1.0,73.57,11,0
612,68.98,24.46,48.25,75.46,0,1.0,68.98,12,0
613,72.06,35.68,52.52,77.87,0,1.0,72.06,13,0
614,67.1,42.63,57.87,77.12,0,1.0,67.1,14,0
615,73.07,40.99,53.26,79.11,0,1.0,73.07,15,0
616,78.46,46.71,58.0,82.41,0,1.0,78.46,16,0
617,52.7,53.92,58.41,72.8,0,1.0,52.7,17,0
618,51.26,58.53,30.31,70.87,0,1.0,51.26,18,0
619,79.6,32.48,40.2,80.24,0,1.0,79.6,19,0
620,53.74,53.38,58.06,71.79,0,1.0,53.74,20,0
621,42.47,23.69,34.88,63.42,0,1.0,42.47,21,0
622,57.87,40.06,37.4,71.86,0,1.0,57.87,22,0
623,70.15,43.12,57.13,79.37,0,1.0,70.15,23,0
624,40.28,28.5,49.91,63.29,0,1.0,40.28,24,0
625,75.82,56.37,39.42,82.11,0,1.0,75.82,25,0
626,47.39,33.68,42.9,67.5,0,1.0,47.39,26,0
627,61.26,31.52,44.78,72.56,0,1.0,61.26,27,0
628,46.58,24.66,46.4,66.55,0,1.0,46.58,28,0
629,66.35,57.26,54.63,78.45,0,1.0,66.35,29,0
630,55.98,33.07,30.32,70.67,0,1.0,55.98,30,0
631,63.07,38.56,33.56,74.88,0,1.0,63.07,31,0
632,63.79,49.55,30.97,75.53,0,1.0,63.79,32,0
633,46.9,42.72,38.89,68.2,0,0.7,39.87,33,0
634,50.39,58.79,42.94,70.39,0,0.7,42.83,34,0
635,67.68,38.32,36.8,76.36,0,0.7,57.53,35,0
636,54.37,52.94,54.62,72.45,0,0.7,46.21,36,0
637,72.23,33.13,36.27,76.8,0,0.7,61.39,37,0
638,73.64,28.85,41.43,78.71,0,0.7,62.59,38,0
639,58.36,32.13,57.98,71.61,0,0.7,49.61,39,0
640,61.26,21.31,44.27,71.73,0,0.7,52.07,40,0
641,78.85,42.49,51.44,81.44,0,0.7,67.02,41,0
642,64.51,57.54,49.85,76.43,0,0.7,54.84,42,0
643,56.13,53.35,54.44,73.54,0,0.7,47.71,43,0
644,44.23,34.2,42.4,65.8,0,0.7,37.6,44,0
645,55.81,27.27,34.7,70.23,0,0.7,47.44,45,0
646,46.73,55.17,46.71,68.34,0,0.7,39.72,46,0
647,78.32,28.82,56.59,81.83,0,0.7,66.58,47,0
648,65.19,36.13,52.57,75.64,0,0.7,55.41,48,0
649,69.26,52.98,34.39,78.85,0,0.7,58.87,49,0
650,57.25,35.16,57.45,71.65,0,0.7,48.66,50,0
651,60.56,32.34,47.19,72.5,0,0.7,51.48,51,0
652,40.26,59.13,58.97,66.77,0,0.7,34.22,52,0
653,66.84,52.22,58.4,78.02,0,0.7,56.82,53,0
654,79.61,21.03,48.11,80.65,0,0.7,67.67,54,0
655,77.54,27.25,48.68,79.5,0,0.7,65.91,55,0
656,56.69,26.41,35.13,69.74,0,0.7,48.18,56,0
657,43.37,35.72,33.01,63.77,0,0.7,36.86,57,0
658,46.52,29.35,30.71,66.08,0,0.7,39.54,58,0
659,49.26,54.74,57.79,70.37,0,1.0,49.26,59,0
660,62.96,35.72,30.86,73.61,0,1.0,62.96,60,0
661,52.26,21.61,47.65,67.85,0,1.0,52.26,61,0
662,51.01,48.38,38.14,70.51,0,1.0,51.01,62,0
663,42.02,37.04,54.97,65.97,0,1.0,42.02,63,0
664,72.69,57.22,32.86,79.98,0,1.0,72.69,64,0
665,43.34,28.45,52.57,64.08,0,1.0,43.34,65,0
666,53.38,35.78,45.9,69.22,0,1.0,53.38,66,0
667,70.41,26.16,34.48,75.56,0,1.0,70.41,67,0
668,67.19,22.27,31.04,73.8,0,1.0,67.19,68,0
669,65.66,30.39,56.58,76.21,0,1.0,65.66,69,0
670,56.45,29.62,50.17,71.53,0,1.0,56.45,70,0
671,55.88,26.25,52.14,70.1,0,1.0,55.88,71,0
672,43.25,59.7,34.69,68.14,0,1.0,43.25,72,0
673,66.38,43.11,55.98,76.56,0,1.0,66.38,73,0
674,56.45,37.1,39.91,71.24,0,1.0,56.45,74,0
675,77.38,47.56,54.7,82.42,0,1.0,77.38,75,0
676,72.74,21.61,56.7,78.71,0,1.0,72.74,76,0
677,70.61,30.12,55.97,76.79,0,1.0,70.61,77,0
678,66.95,53.88,39.73,77.86,0,1.0,66.95,78,0
679,67.3,43.01,42.87,76.28,0,1.0,67.3,79,0
680,67.69,29.33,48.76,76.33,0,1.0,67.69,80,0
681,45.24,44.24,55.48,66.65,0,1.0,45.24,81,0
682,59.14,57.15,39.96,74.26,0,1.0,59.14,82,0
683,50.34,21.11,48.94,67.07,0,1.0,50.34,83,0
684,51.84,46.55,58.96,70.03,0,1.0,51.84,84,0
685,62.56,40.01,32.08,72.94,0,1.0,62.56,85,0
686,76.69,36.26,34.3,80.28,0,1.0,76.69,86,0
687,67.91,56.01,53.77,79.2,0,1.0,67.91,87,0
688,51.83,20.04,38.16,66.67,0,1.0,51.83,88,0
689,63.74,20.65,51.86,72.99,0,1.0,63.74,89,0
690,53.71,25.38,32.83,69.01,0,1.0,53.71,90,0
691,44.14,36.08,51.87,66.62,0,1.0,44.14,91,0
692,68.49,34.26,37.63,75.15,0,1.0,68.49,92,0
693,78.31,42.63,45.43,80.94,0,1.0,78.31,93,0
694,64.29,35.55,37.21,73.53,0,1.0,64.29,94,0
695,47.08,59.49,43.32,69.36,0,0.7,40.01,95,0
696,63.31,52.5,39.81,75.34,0,0.7,53.81,96,0
697,67.29,32.61,34.0,75.51,0,0.7,57.19,97,0
698,67.74,48.02,52.6,78.66,0,0.7,57.58,98,0
699,64.77,27.47,30.77,73.0,0,0.7,55.05,99,0
700,74.0,27.85,33.77,78.7,0,0.7,62.9,100,0
701,63.42,41.65,32.58,73.45,0,0.7,53.91,101,0
702,61.77,29.35,49.13,73.83,0,0.7,52.51,102,0
703,67.57,30.09,39.23,75.61,0,0.7,57.44,103,0
704,63.33,49.21,40.94,75.75,0,0.7,53.83,104,0
705,68.07,42.26,40.76,77.72,0,0.7,57.86,105,0
706,42.28,50.66,51.06,66.31,0,0.7,35.93,106,0
707,70.25,38.17,42.37,78.42,0,0.7,59.71,107,0
708,63.38,58.77,41.34,75.59,0,0.7,53.87,108,0
709,46.48,46.32,59.93,68.45,0,0.7,39.51,109,0
710,44.61,55.33,42.44,67.5,0,0.7,37.91,110,0
711,65.93,22.46,54.41,75.52,0,0.4,39.56,111,0
712,46.06,39.1,48.05,67.2,0,0.4,27.63,112,0
713,45.07,35.67,34.88,66.06,0,0.4,27.04,113,0
714,62.09,43.81,56.16,75.29,0,0.4,37.26,114,0
715,61.61,23.17,46.98,73.21,0,0.4,36.97,115,0
716,45.74,26.06,42.98,65.53,0,0.4,27.44,116,0
717,70.21,43.46,54.85,77.84,0,0.4,42.12,117,0
718,73.15,51.34,38.31,80.85,0,0.4,43.89,118,0
719,78.84,27.09,51.66,79.85,0,0.4,47.3,119,0
720,63.23,57.44,50.17,76.67,0,0.4,37.94,0,0
721,40.88,59.3,32.58,66.59,0,0.4,24.53,1,0
722,57.59,45.76,41.43,71.67,0,0.4,34.56,2,0
723,55.33,28.65,43.28,69.02,0,0.4,33.2,3,0
724,63.52,34.12,53.99,74.81,0,0.4,38.11,4,0
725,71.38,43.94,42.42,79.55,0,0.4,42.83,5,0
726,48.82,45.03,47.15,68.2,0,0.4,29.29,6,0
727,70.55,40.94,36.8,78.01,0,0.4,42.33,7,0
728,46.53,27.38,36.07,65.26,0,0.4,27.92,8,0
729,60.47,39.33,41.48,73.9,0,0.4,36.28,9,0
730,42.48,22.85,47.22,63.89,0,0.4,25.49,10,0
731,78.39,21.95,32.94,78.21,0,0.4,47.03,11,0
732,65.82,21.82,58.38,75.41,0,0.4,39.49,12,0
733,46.8,25.08,33.7,65.29,0,0.4,28.08,13,0
734,79.58,47.37,58.47,82.76,0,0.4,47.75,14,0
735,43.07,20.17,50.11,64.19,0,0.4,25.84,15,0
736,56.62,20.96,40.06,68.93,0,0.4,33.97,16,0
737,63.97,49.15,39.46,75.46,0,0.4,38.38,17,0
738,47.16,51.9,50.33,69.02,0,0.4,28.3,18,0
739,42.91,31.22,40.5,65.02,0,0.4,25.75,19,0
740,74.97,53.22,36.74,80.7,0,0.4,44.98,20,0
741,47.24,51.97,40.03,68.92,0,0.4,28.34,21,0
742,73.3,52.17,55.99,80.12,0,0.4,43.98,22,0
743,56.63,41.94,42.08,71.82,0,0.4,33.98,23,0
744,67.02,35.84,33.99,74.76,0,0.4,40.21,24,0
745,76.28,59.66,36.25,81.82,0,0.4,45.77,25,0
746,56.74,34.31,47.81,71.5,0,0.4,34.04,26,0
747,62.14,42.81,36.3,74.54,0,0.4,37.28,27,0
748,71.21,42.56,37.83,78.58,0,0.4,42.73,28,0
749,69.4,44.4,44.65,77.17,0,0.4,41.64,29,0
750,63.97,40.55,38.65,73.79,0,0.4,38.38,30,0
751,69.38,20.96,47.54,76.58,0,0.4,41.63,31,0
752,43.66,45.03,46.52,66.29,0,0.4,26.19,32,0
753,47.85,20.9,55.85,66.57,0,0.4,28.71,33,0
754,72.41,37.19,52.5,79.75,0,0.4,43.44,34,0
755,50.75,27.95,37.41,67.12,0,0.4,30.45,35,0
756,57.06,44.62,32.45,70.94,0,0.4,34.24,36,0
757,48.56,31.33,42.01,67.71,0,0.4,29.14,37,0
758,66.76,51.95,57.98,77.17,0,0.4,40.05,38,0
759,58.34,42.58,49.89,73.36,0,0.4,35.0,39,0
760,68.81,31.49,56.39,76.03,0,0.4,41.28,40,0
761,50.25,28.83,34.14,67.92,0,0.4,30.15,41,0
762,49.56,50.32,52.8,69.6,0,0.4,29.74,42,0
763,79.06,45.82,58.04,82.67,0,0.4,47.44,43,0
764,67.67,58.63,41.81,77.66,0,0.4,40.6,44,0
765,63.0,28.27,45.13,73.06,0,0.4,37.8,45,0
766,69.81,29.29,42.16,75.99,0,0.4,41.89,46,0
767,76.37,34.81,52.54,81.27,0,0.4,45.82,47,0
768,78.25,35.07,40.18,79.85,0,0.4,46.95,48,0
769,49.94,32.68,54.26,69.21,0,0.4,29.96,49,0
770,74.29,50.59,34.4,80.59,0,0.4,44.57,50,0
771,53.26,40.02,49.37,70.46,0,0.4,31.96,51,0
772,72.1,54.46,34.12,80.5,0,0.4,43.26,52,0
773,70.07,52.48,58.37,79.33,0,0.4,42.04,53,0
774,68.2,49.68,50.33,77.68,0,0.4,40.92,54,0
775,42.15,48.7,44.26,66.75,0,0.4,25.29,55,0
776,73.46,41.96,35.68,79.48,0,0.4,44.07,56,0
777,58.44,53.15,54.89,74.77,0,0.4,35.06,57,0
778,66.84,47.88,40.89,77.67,0,0.4,40.1,58,0
779,56.31,55.46,31.42,73.38,0,0.4,33.79,59,0
780,50.82,29.95,58.26,68.37,0,0.4,30.49,60,0
781,45.57,20.43,46.33,65.82,0,0.4,27.34,61,0
782,53.76,40.82,43.22,71.2,0,0.4,32.26,62,0
783,45.53,59.31,37.5,67.44,0,0.4,27.32,63,0
784,56.61,36.89,53.55,71.23,0,0.4,33.96,64,0
785,56.76,38.32,37.7,71.76,0,0.4,34.06,65,0
786,63.84,59.83,43.06,77.71,0,0.4,38.31,66,0
787,48.17,36.75,36.59,66.18,0,0.4,28.9,67,0
788,69.69,26.71,33.61,74.85,0,0.4,41.82,68,0
789,57.22,24.77,45.37,70.19,0,0.4,34.33,69,0
790,68.75,24.42,31.07,75.92,0,0.4,41.25,70,0
791,47.6,21.56,41.75,66.27,0,0.4,28.56,71,0
792,67.02,40.36,55.84,77.72,0,0.4,40.21,72,0
793,58.43,59.55,44.5,75.45,0,0.4,35.06,73,0
794,61.54,59.69,55.73,75.64,0,0.4,36.92,74,0
795,40.28,36.14,37.04,64.23,0,0.4,24.17,75,0
796,40.02,32.31,37.23,62.57,0,0.4,24.01,76,0
797,62.22,31.65,42.52,73.05,0,0.4,37.33,77,0
798,59.72,33.21,33.2,72.76,0,0.4,35.83,78,0
799,51.92,32.82,34.93,68.96,0,0.4,31.15,79,0
800,44.95,22.82,57.28,64.76,0,0.4,26.97,80,0
801,43.11,58.22,37.41,67.81,0,0.4,25.87,81,0
802,40.53,40.47,53.08,65.81,0,0.4,24.32,82,0
803,75.53,27.97,38.53,78.29,0,0.4,45.32,83,0
804,61.78,26.4,50.74,72.31,0,0.4,37.07,84,0
805,71.86,49.58,49.37,79.07,0,0.4,43.11,85,0
806,55.09,36.54,31.19,69.55,0,0.4,33.06,86,0
807,54.09,21.72,35.37,68.07,0,0.4,32.46,87,0
808,70.54,24.35,59.44,76.91,0,0.4,42.32,88,0
809,65.11,27.68,34.38,74.66,0,0.4,39.06,89,0
810,65.02,52.33,32.07,75.76,0,0.4,39.01,90,0
811,54.24,25.94,47.89,70.02,0,0.4,32.54,91,0
812,47.87,29.5,39.0,66.73,0,0.4,28.72,92,0
813,54.5,52.96,36.12,71.57,0,0.4,32.7,93,0
814,44.39,55.35,40.29,67.89,0,0.4,26.64,94,0
815,52.64,22.23,48.29,67.81,0,0.4,31.59,95,0
816,45.89,31.92,32.69,66.3,0,0.4,27.53,96,0
817,44.93,32.31,57.78,65.66,0,0.4,26.96,97,0
818,69.66,41.87,56.53,78.47,0,0.4,41.8,98,0
819,46.65,56.66,39.84,68.39,0,0.4,27.99,99,0
820,78.08,49.52,47.92,83.25,0,0.4,46.85,100,0
821,58.6,29.08,52.32,72.73,0,0.4,35.16,101,0
822,78.46,37.79,44.67,81.02,0,0.4,47.08,102,0
823,70.49,52.47,40.26,78.85,0,0.4,42.29,103,0
824,71.76,57.64,48.7,80.97,0,0.4,43.05,104,0
825,55.8,22.05,42.06,69.77,0,0.4,33.48,105,0
826,54.28,45.39,35.59,71.24,0,0.4,32.57,106,0
827,51.68,49.94,44.48,69.9,0,0.4,31.01,107,0
828,78.29,37.08,44.25,81.95,0,0.4,46.97,108,0
829,50.09,37.87,33.7,67.42,1,0.7,42.57,109,0
830,79.09,29.69,49.9,81.73,0,0.7,67.23,110,0
831,69.12,44.01,51.94,78.64,0,0.7,58.76,111,0
832,53.67,45.94,32.05,71.14,0,0.7,45.62,112,0
833,72.63,43.89,41.81,79.11,0,0.7,61.74,113,0
834,74.79,23.53,53.3,79.37,0,0.7,63.57,114,0
835,46.62,48.26,46.06,68.38,0,0.7,39.63,115,0
836,41.66,32.88,46.79,65.09,0,0.7,35.41,116,0
837,78.12,48.77,57.9,82.98,0,0.7,66.41,117,0
838,69.04,24.85,39.08,75.57,0,0.7,58.69,118,0
839,46.65,35.19,48.52,67.88,0,0.7,39.65,119,0
840,70.49,43.67,35.76,78.21,0,0.7,59.92,0,0
841,59.59,41.15,40.03,72.97,0,0.7,50.65,1,0
842,47.43,23.4,43.09,66.15,0,0.7,40.32,2,0
843,62.33,33.88,57.99,75.18,0,0.7,52.98,3,0
844,69.49,21.47,44.24,75.3,0,1.0,69.49,4,0
845,62.11,49.63,44.55,74.31,0,1.0,62.11,5,0
846,64.57,29.46,44.5,74.09,0,1.0,64.57,6,0
847,73.5,29.59,35.85,77.84,0,1.0,73.5,7,0
848,63.07,24.77,31.09,71.52,0,1.0,63.07,8,0
849,41.81,37.52,55.32,64.86,0,1.0,41.81,9,0
850,57.96,43.1,47.13,72.42,0,1.0,57.96,10,0
851,54.67,23.98,53.0,70.58,0,1.0,54.67,11,0
852,64.03,48.03,38.56,75.81,0,1.0,64.03,12,0
853,70.31,31.28,39.54,77.59,0,1.0,70.31,13,0
854,76.51,44.41,46.39,80.69,0,1.0,76.51,14,0
855,62.37,40.59,32.99,72.81,0,1.0,62.37,15,0
856,64.13,23.19,50.49,74.57,0,1.0,64.13,16,0
857,63.27,50.65,42.19,76.41,0,1.0,63.27,17,0
858,64.94,25.25,39.29,73.12,0,1.0,64.94,18,0
859,67.06,32.04,35.52,75.67,0,1.0,67.06,19,0
860,64.66,21.61,39.79,73.19,0,0.7,54.97,20,0
861,48.36,25.21,36.11,66.63,0,0.7,41.11,21,0
862,40.84,21.38,43.37,63.32,0,0.7,34.71,22,0
863,61.53,56.53,41.64,76.08,0,0.7,52.3,23,0
864,70.06,57.65,50.3,79.53,0,0.7,59.55,24,0
865,53.29,48.03,52.96,72.29,0,0.7,45.29,25,0
866,69.54,22.55,41.62,75.2,0,0.4,41.73,26,0
867,65.71,48.71,59.3,77.16,0,0.4,39.43,27,0
868,74.78,27.23,58.43,78.73,0,0.4,44.87,28,0
869,55.75,44.33,43.34,72.17,0,0.4,33.45,29,0
870,52.0,38.97,35.04,68.76,0,0.4,31.2,30,0
871,63.33,55.37,34.55,75.96,0,0.4,38.0,31,0
872,68.04,36.43,45.14,75.53,0,0.4,40.83,32,0
873,41.54,34.73,59.37,64.97,0,0.4,24.92,33,0
874,68.69,43.28,53.93,78.66,0,0.4,41.21,34,0
875,55.44,58.67,50.91,72.53,0,0.4,33.27,35,0
876,42.75,41.99,42.51,66.32,0,0.4,25.65,36,0
877,62.31,22.18,59.16,73.24,0,0.4,37.38,37,0
878,74.31,32.2,35.78,77.71,0,0.4,44.59,38,0
879,58.87,29.1,34.99,70.81,0,0.4,35.32,39,0
880,79.52,39.41,35.37,82.28,0,0.4,47.71,40,0
881,79.35,22.01,32.9,79.99,0,0.4,47.61,41,0
882,41.57,20.87,53.23,62.73,0,0.4,24.94,42,0
883,57.13,21.08,53.51,69.52,0,0.4,34.28,43,0
884,57.31,41.42,44.31,71.93,0,0.4,34.39,44,0
885,53.43,44.6,57.81,72.32,0,0.4,32.06,45,0
886,51.15,58.35,34.28,70.73,0,0.4,30.69,46,0
887,56.2,59.95,31.65,73.02,0,0.4,33.72,47,0
888,57.58,40.42,37.76,71.48,0,0.4,34.55,48,0
889,78.66,57.79,40.05,83.32,0,0.7,66.86,49,0
890,72.43,57.93,32.74,79.35,0,0.7,61.56,50,0
891,40.57,30.31,43.5,63.85,0,0.4,24.34,51,0
892,51.5,41.53,46.0,69.44,0,0.4,30.9,52,0
893,74.13,39.93,48.1,79.21,0,0.4,44.48,53,0
894,60.61,59.61,48.34,75.39,0,0.4,36.36,54,0
895,55.38,33.88,42.95,71.02,0,0.4,33.23,55,0
896,63.06,33.68,54.3,73.94,0,0.4,37.84,56,0
897,50.43,20.36,49.45,67.23,0,0.4,30.26,57,0
898,62.85,54.54,34.18,75.58,0,0.4,37.71,58,0
899,68.72,34.88,32.77,75.97,0,0.4,41.23,59,0
900,49.76,58.67,58.74,70.69,0,0.4,29.86,60,0
901,78.66,37.74,39.63,81.21,0,0.4,47.2,61,0
902,69.46,22.07,31.48,74.81,0,0.4,41.68,62,0
903,59.64,32.83,35.77,71.53,0,0.4,35.78,63,0
904,57.79,43.06,59.5,72.77,0,0.4,34.67,64,0
905,64.29,23.54,50.31,72.93,0,0.4,38.58,65,0
906,48.44,53.66,30.91,69.4,0,0.4,29.06,66,0
907,45.35,58.13,32.18,67.23,0,0.4,27.21,67,0
908,61.79,25.03,38.69,71.72,0,0.4,37.08,68,0
909,68.16,28.7,41.0,75.37,0,0.4,40.9,69,0
910,72.01,29.67,32.04,76.6,0,0.4,43.2,70,0
911,71.11,54.33,55.35,79.92,0,0.4,42.67,71,0
912,42.44,48.06,30.29,65.24,0,0.4,25.46,72,0
913,70.65,32.16,54.35,77.31,0,0.4,42.39,73,0
914,67.72,59.49,36.75,78.58,0,0.4,40.63,74,0
915,46.25,50.07,47.05,67.72,0,0.4,27.75,75,0
916,63.17,55.56,47.08,76.6,0,0.4,37.9,76,0
917,49.31,39.68,39.31,67.49,0,0.4,29.59,77,0
918,50.32,38.56,34.0,69.06,0,0.4,30.19,78,0
919,44.25,51.04,54.24,68.26,0,0.4,26.55,79,0
920,73.37,43.09,49.39,79.71,0,0.7,62.37,80,0
921,65.56,23.26,43.05,73.56,0,0.7,55.72,81,0
922,67.67,51.8,34.9,76.58,0,0.7,57.52,82,0
923,61.13,38.69,33.2,73.34,0,0.7,51.96,83,0
924,65.04,23.01,33.37,72.34,0,0.7,55.29,84,0
925,50.4,35.4,58.29,69.36,0,0.7,42.84,85,0
926,44.5,49.44,38.25,67.16,0,0.4,26.7,86,0
927,50.54,31.17,57.92,67.81,0,0.4,30.33,87,0
928,73.46,58.98,59.27,81.05,0,0.4,44.07,88,0
929,65.89,25.13,49.51,75.61,0,0.4,39.54,89,0
930,41.6,34.49,54.79,65.31,0,0.4,24.96,90,0
931,57.08,38.76,57.86,72.74,0,0.4,34.25,91,0
932,42.64,58.9,40.8,67.08,0,0.4,25.59,92,0
933,66.49,48.61,38.04,76.32,0,0.4,39.89,93,0
934,41.59,43.91,56.09,66.69,0,0.4,24.96,94,0
935,43.08,46.83,54.64,66.29,0,0.4,25.85,95,0
936,75.08,29.73,46.52,78.47,0,0.4,45.05,96,0
937,72.82,50.4,31.46,80.07,0,0.4,43.69,97,0
938,61.86,23.65,52.7,73.0,0,0.4,37.12,98,0
939,47.37,22.28,47.63,66.61,0,0.7,40.26,99,0
940,62.91,52.78,39.8,75.28,0,0.7,53.47,100,0
941,41.06,49.41,48.77,66.02,0,0.7,34.9,101,0
942,48.24,34.1,33.78,66.06,0,0.7,41.0,102,0
943,78.51,45.13,35.52,80.83,0,0.7,66.73,103,0
944,64.73,51.26,51.1,77.48,0,0.7,55.02,104,0
945,74.03,31.45,49.21,78.55,0,1.0,74.03,105,0
946,63.19,26.66,51.37,73.02,0,1.0,63.19,106,0
947,76.59,28.47,34.33,79.55,0,1.0,76.59,107,0
948,45.86,45.84,36.99,66.39,0,1.0,45.86,108,0
949,70.19,32.38,43.44,76.81,0,1.0,70.19,109,0
950,51.79,34.18,46.94,68.58,0,1.0,51.79,110,0
951,75.83,24.14,49.7,79.84,0,1.0,75.83,111,0
952,58.12,57.83,50.3,74.05,0,1.0,58.12,112,0
953,43.72,25.75,33.14,63.75,0,1.0,43.72,113,0
954,45.21,45.74,35.92,65.91,0,1.0,45.21,114,0
955,72.86,34.16,49.67,78.76,0,1.0,72.86,115,0
956,65.15,30.64,31.17,73.85,0,1.0,65.15,116,0
957,73.3,59.66,34.91,81.08,0,1.0,73.3,117,0
958,79.42,47.47,37.31,82.95,0,1.0,79.42,118,0
959,76.41,35.31,48.92,80.22,0,1.0,76.41,119,0
960,70.49,57.45,58.22,79.72,0,1.0,70.49,0,0
961,50.11,22.69,38.04,67.55,0,1.0,50.11,1,0
962,50.29,48.78,30.84,68.8,0,1.0,50.29,2,0
963,72.92,29.4,49.57,78.04,0,1.0,72.92,3,0
964,40.68,56.38,38.09,66.49,0,1.0,40.68,4,0
965,50.61,46.51,58.96,71.2,0,1.0,50.61,5,0
966,45.43,59.1,58.93,68.63,0,1.0,45.43,6,0
967,50.87,52.64,41.35,69.4,0,0.7,43.24,7,0
968,65.19,36.65,35.0,75.72,0,0.7,55.41,8,0
969,42.8,22.27,33.61,63.33,0,0.7,36.38,9,0
970,73.72,37.84,51.26,79.98,0,0.7,62.66,10,0
971,65.49,22.83,40.85,73.87,0,0.7,55.67,11,0
972,72.64,37.28,53.89,79.3,0,0.7,61.75,12,0
973,64.17,45.2,42.52,74.81,0,1.0,64.17,13,0
974,74.94,29.46,36.35,78.96,0,1.0,74.94,14,0
975,46.5,58.39,55.55,70.27,0,1.0,46.5,15,0
976,45.76,20.34,30.6,64.33,0,1.0,45.76,16,0
977,40.3,36.91,51.54,64.29,0,1.0,40.3,17,0
978,72.53,43.54,36.32,78.28,0,1.0,72.53,18,0
979,56.63,30.33,56.01,71.65,0,1.0,56.63,19,0
980,48.17,45.07,40.76,69.21,0,1.0,48.17,20,0
981,62.63,56.67,54.02,76.46,0,1.0,62.63,21,0
982,59.69,27.69,43.92,71.32,0,1.0,59.69,22,0
983,78.09,41.32,48.95,81.81,0,1.0,78.09,23,0
984,43.97,44.92,43.41,67.0,0,1.0,43.97,24,0
985,56.25,57.06,51.31,73.42,0,1.0,56.25,25,0
986,79.38,46.66,38.56,82.49,0,1.0,79.38,26,0
987,46.99,45.92,37.36,68.04,0,1.0,46.99,27,0
988,64.58,55.7,32.36,75.91,0,0.7,54.89,28,0
989,55.58,49.3,50.54,71.89,0,0.7,47.24,29,0
990,56.45,29.37,30.59,70.63,0,0.7,47.98,30,0
991,53.54,20.28,50.41,69.29,0,0.7,45.51,31,0
992,71.6,44.65,31.35,78.5,0,0.7,60.86,32,0
993,70.79,52.44,42.01,80.09,0,0.7,60.17,33,0
994,59.36,55.9,57.23,74.34,0,0.7,50.45,34,0
995,71.65,28.04,54.15,78.46,0,0.4,42.99,35,0
996,41.99,26.0,46.13,63.96,0,0.7,35.7,36,0
997,78.41,21.78,34.29,78.21,0,0.7,66.65,37,0
998,66.64,52.91,30.4,76.88,0,0.7,56.64,38,0
999,42.89,47.38,45.1,66.82,0,0.7,36.46,39,0
1000,65.93,26.9,56.17,75.39,0,0.4,39.56,40,0
1001,60.73,22.92,48.8,71.57,0,0.4,36.44,41,0
1002,79.16,40.07,43.65,82.32,0,0.4,47.49,42,0
1003,61.85,23.58,42.54,73.02,0,0.4,37.11,43,0
1004,43.63,30.51,56.24,64.75,0,0.4,26.18,44,0
1005,64.93,34.24,53.67,74.79,0,0.4,38.96,45,0
1006,68.55,54.95,33.8,78.76,0,0.4,41.13,46,0
1007,57.1,26.43,51.01,71.41,0,0.4,34.26,47,0
1008,72.59,57.45,45.41,81.58,0,0.4,43.55,48,0
1009,73.93,39.72,44.16,79.43,0,0.4,44.36,49,0
1010,56.14,33.33,44.76,70.98,0,0.4,33.68,50,0
1011,59.46,33.36,33.2,71.23,0,0.4,35.68,51,0
1012,46.75,38.43,39.21,65.91,0,0.4,28.05,52,0
1013,62.07,34.26,43.42,74.46,0,0.4,37.24,53,0
1014,49.74,38.31,52.79,68.26,0,0.7,42.28,54,0
1015,56.76,51.03,40.16,72.78,0,0.7,48.24,55,0
1016,42.09,54.1,35.95,66.9,0,0.7,35.78,56,0
1017,52.77,56.24,33.8,70.42,0,0.7,44.85,57,0
1018,47.84,57.75,59.29,70.02,0,0.7,40.66,58,0
1019,50.79,48.1,49.77,71.13,0,0.7,43.17,59,0
1020,42.08,24.55,30.12,63.9,0,0.7,35.77,60,0
1021,60.39,32.0,34.54,71.67,0,0.7,51.33,61,0
1022,61.59,23.1,30.54,70.76,0,0.7,52.35,62,0
1023,65.5,52.07,43.99,76.6,0,0.7,55.67,63,0
1024,71.33,26.72,45.37,77.01,0,0.7,60.63,64,0
1025,63.19,41.61,31.51,73.3,0,1.0,63.19,65,0
1026,69.73,48.93,34.08,78.65,0,1.0,69.73,66,0
1027,49.96,34.89,37.64,67.83,0,0.7,42.47,67,0
1028,42.24,25.69,31.58,63.41,0,0.7,35.9,68,0
1029,60.48,41.08,46.85,73.01,0,0.7,51.41,69,0
1030,63.74,28.4,33.49,74.14,0,0.7,54.18,70,0
1031,71.52,31.89,34.07,76.37,0,0.7,60.79,71,0
1032,71.31,57.5,50.76,79.69,0,0.7,60.61,72,0
1033,48.37,22.9,51.1,66.42,0,0.7,41.12,73,0
1034,43.62,57.91,37.76,66.98,0,0.7,37.07,74,0
1035,59.86,24.93,42.03,71.23,0,0.7,50.88,75,0
1036,46.14,34.66,41.2,65.59,0,0.7,39.22,76,0
1037,47.62,34.67,33.17,66.81,0,0.4,28.57,77,0
1038,71.23,35.61,47.36,78.8,0,0.4,42.74,78,0
1039,55.15,53.73,49.33,72.96,0,0.4,33.09,79,0
1040,76.79,23.79,46.32,79.73,0,0.4,46.08,80,0
1041,46.67,51.9,51.6,67.94,0,0.4,28.0,81,0
1042,53.5,20.72,42.01,68.35,0,0.4,32.1,82,0
1043,73.45,28.62,33.61,78.3,0,0.4,44.07,83,0
1044,73.7,40.04,59.44,79.34,0,0.4,44.22,84,0
1045,54.0,57.13,31.97,71.71,0,0.4,32.4,85,0
1046,50.23,34.58,55.31,68.22,0,0.4,30.14,86,0
1047,70.49,48.54,36.23,78.52,0,0.4,42.29,87,0
1048,78.66,38.09,34.28,80.7,0,0.4,47.2,88,0
1049,74.72,55.25,40.51,80.34,0,0.4,44.83,89,0
1050,71.32,37.71,44.56,78.65,0,0.4,42.79,90,0
1051,55.05,34.69,45.78,71.15,0,0.4,33.03,91,0
1052,66.83,30.78,38.33,75.93,0,0.4,40.1,92,0
1053,65.91,21.17,48.54,74.22,0,0.4,39.55,93,0
1054,43.26,27.73,58.52,64.98,0,0.4,25.96,94,0
1055,41.5,48.69,46.14,65.87,0,0.4,24.9,95,0
1056,46.73,27.6,43.82,65.55,0,0.4,28.04,96,0
1057,66.04,52.98,42.53,76.29,0,0.4,39.62,97,0
1058,63.85,48.39,30.22,75.12,0,0.4,38.31,98,0
1059,76.83,58.74,46.22,82.67,0,0.4,46.1,99,0
1060,42.6,38.63,37.21,64.83,0,0.4,25.56,100,0
1061,54.27,26.57,45.11,69.99,0,0.4,32.56,101,0
1062,77.42,56.49,36.28,81.38,0,0.4,46.45,102,0
1063,78.71,55.59,48.02,83.44,0,0.4,47.23,103,0
1064,58.38,45.14,46.72,73.61,0,0.4,35.03,104,0
1065,43.53,36.55,52.5,66.25,0,0.4,26.12,105,0
1066,59.93,33.18,43.22,73.16,0,0.4,35.96,106,0
1067,48.14,54.93,31.79,69.52,0,0.4,28.88,107,0
1068,60.48,57.63,31.43,74.26,0,0.4,36.29,108,0
1069,47.97,36.99,41.57,68.19,0,0.4,28.78,109,0
1070,79.53,38.61,31.75,80.76,0,0.4,47.72,110,0
1071,77.9,50.67,38.05,82.21,0,0.4,46.74,111,0
1072,75.27,40.61,53.24,80.72,0,0.4,45.16,112,0
1073,45.05,41.18,38.07,65.33,0,0.7,38.29,113,0
1074,63.81,41.57,59.06,75.79,0,0.7,54.24,114,0
1075,73.64,59.87,42.91,80.91,0,0.7,62.6,115,0
1076,64.62,36.23,31.23,73.96,0,0.7,54.92,116,0
1077,77.95,30.72,54.34,79.98,0,0.7,66.26,117,0
1078,77.36,50.65,49.74,83.01,0,0.4,46.42,118,0
1079,68.56,56.99,45.51,78.06,0,0.4,41.13,119,0
1080,63.7,39.3,48.68,74.05,0,0.4,38.22,0,0
1081,78.02,35.34,42.73,81.21,0,0.4,46.81,1,0
1082,56.43,28.71,58.98,70.48,0,0.7,47.97,2,0
1083,48.87,51.22,36.04,68.08,0,1.0,48.87,3,0
1084,43.39,52.31,53.14,68.24,0,1.0,43.39,4,0
1085,42.09,51.31,55.37,67.44,0,1.0,42.09,5,0
1086,73.81,49.09,59.42,80.41,0,1.0,73.81,6,0
1087,71.7,27.48,32.0,77.61,0,1.0,71.7,7,0
1088,54.61,53.66,46.64,73.08,0,1.0,54.61,8,0
1089,43.02,30.01,50.08,65.64,0,1.0,43.02,9,0
1090,47.54,52.2,59.02,69.1,0,1.0,47.54,10,0
1091,62.37,40.11,34.33,73.68,0,1.0,62.37,11,0
1092,63.43,20.34,52.83,73.64,0,1.0,63.43,12,0
1093,70.2,58.21,37.2,78.92,0,1.0,70.2,13,0
1094,46.19,34.25,50.91,66.88,0,1.0,46.19,14,0
1095,62.48,20.23,32.36,72.52,0,1.0,62.48,15,0
1096,76.8,30.83,41.11,79.84,0,1.0,76.8,16,0
1097,69.58,23.46,50.07,75.98,0,1.0,69.58,17,0
1098,47.64,51.62,43.62,68.39,0,1.0,47.64,18,0
1099,69.96,30.89,33.53,75.75,0,1.0,69.96,19,0
1100,61.34,43.86,40.98,74.65,0,1.0,61.34,20,0
1101,45.16,41.47,58.1,66.99,0,1.0,45.16,21,0
1102,49.91,21.45,33.06,66.72,0,1.0,49.91,22,0
1103,60.07,49.02,33.4,73.42,0,1.0,60.07,23,0
1104,72.73,26.87,54.23,78.51,0,1.0,72.73,24,0
1105,56.48,25.54,49.97,70.52,0,1.0,56.48,25,0
1106,76.27,43.49,32.56,80.2,0,1.0,76.27,26,0
1107,59.78,55.79,38.03,74.2,0,1.0,59.78,27,0
1108,67.43,54.36,32.66,78.14,0,1.0,67.43,28,0
1109,49.57,36.72,37.54,67.5,0,1.0,49.57,29,0
1110,62.89,37.67,40.4,74.58,0,1.0,62.89,30,0
1111,53.28,49.78,34.56,69.94,0,1.0,53.28,31,0
1112,49.85,22.53,33.95,67.1,0,1.0,49.85,32,0
1113,62.21,41.1,49.66,74.06,0,1.0,62.21,33,0
1114,67.77,20.64,41.18,74.32,0,1.0,67.77,34,0
1115,71.61,28.71,50.31,78.22,0,1.0,71.61,35,0
1116,66.47,34.22,54.27,75.64,0,1.0,66.47,36,0
1117,55.16,32.11,43.78,70.86,0,1.0,55.16,37,0
1118,66.46,56.13,32.96,76.63,0,1.0,66.46,38,0
1119,74.28,36.6,32.68,78.6,0,1.0,74.28,39,0
1120,70.89,23.02,54.83,76.8,0,1.0,70.89,40,0
1121,53.49,23.59,58.85,69.99,0,1.0,53.49,41,0
1122,77.34,33.78,34.83,80.05,0,1.0,77.34,42,0
1123,49.52,57.54,35.13,69.02,0,1.0,49.52,43,0
1124,59.08,59.78,50.38,74.23,0,1.0,59.08,44,0
1125,51.5,42.32,39.13,68.53,1,1.0,51.5,45,0
1126,73.47,42.89,59.98,79.93,0,1.0,73.47,46,0
1127,46.56,31.41,53.79,67.59,0,1.0,46.56,47,0
1128,75.25,33.13,33.39,79.59,0,1.0,75.25,48,0
1129,57.19,31.49,52.1,71.4,0,1.0,57.19,49,0
1130,54.2,39.28,45.09,70.2,0,1.0,54.2,50,0
1131,77.55,52.2,55.52,82.99,0,1.0,77.55,51,0
1132,55.94,32.68,44.02,70.21,0,1.0,55.94,52,0
1133,43.92,41.07,31.71,64.68,0,1.0,43.92,53,0
1134,57.33,51.99,52.18,73.46,0,1.0,57.33,54,0
1135,70.96,22.08,30.38,76.25,0,1.0,70.96,55,0
1136,49.42,57.3,55.79,71.18,0,1.0,49.42,56,0
1137,79.01,58.63,36.46,83.86,0,1.0,79.01,57,0
1138,67.04,36.2,57.95,75.87,0,1.0,67.04,58,0
1139,76.16,26.26,41.0,79.19,0,1.0,76.16,59,0
1140,76.59,26.68,33.63,77.99,0,1.0,76.59,60,0
1141,56.65,37.95,47.97,70.83,0,1.0,56.65,61,0
1142,76.34,51.25,30.58,80.66,0,1.0,76.34,62,0
1143,76.38,45.36,32.16,81.33,0,1.0,76.38,63,0
1144,61.29,32.13,41.79,72.24,0,1.0,61.29,64,0
1145,60.12,23.32,48.6,71.5,0,1.0,60.12,65,0
1146,47.71,27.64,53.06,66.42,0,1.0,47.71,66,0
1147,52.87,38.62,58.3,71.43,0,1.0,52.87,67,0
1148,45.98,40.4,43.82,67.72,0,1.0,45.98,68,0
1149,59.67,55.85,54.2,74.15,0,1.0,59.67,69,0
1150,49.19,27.98,31.13,66.78,0,1.0,49.19,70,0
1151,49.24,52.08,55.54,70.11,0,1.0,49.24,71,0
1152,48.02,28.61,38.76,65.75,0,1.0,48.02,72,0
1153,64.61,36.48,58.03,74.72,0,1.0,64.61,73,0
1154,64.62,21.58,42.09,73.64,0,1.0,64.62,74,0
1155,52.82,23.74,42.81,67.54,0,1.0,52.82,75,0
1156,52.69,50.65,44.94,70.64,0,1.0,52.69,76,0
1157,66.92,21.88,46.99,75.18,0,1.0,66.92,77,0
1158,75.3,20.8,52.58,78.54,0,1.0,75.3,78,0
1159,72.78,34.39,46.22,78.85,0,1.0,72.78,79,0
1160,61.25,35.99,58.61,74.38,0,1.0,61.25,80,0
1161,73.7,34.49,49.81,79.05,0,1.0,73.7,81,0
1162,42.43,36.53,46.4,64.94,0,1.0,42.43,82,0
1163,70.85,21.55,35.82,75.9,0,1.0,70.85,83,0
1164,73.7,32.13,42.88,78.46,0,1.0,73.7,84,0
1165,77.88,29.63,37.2,79.03,0,1.0,77.88,85,0
1166,66.68,56.46,40.37,77.91,0,1.0,66.68,86,0
1167,73.25,50.67,40.52,79.81,0,1.0,73.25,87,0
1168,49.65,28.33,37.51,67.66,0,1.0,49.65,88,0
1169,60.17,54.63,37.24,73.56,0,1.0,60.17,89,0
1170,62.03,52.67,58.79,76.7,0,1.0,62.03,90,0
1171,41.6,59.37,41.5,66.04,0,1.0,41.6,91,0
1172,63.43,43.47,43.37,75.73,0,1.0,63.43,92,0
1173,61.51,46.54,53.52,74.8,0,1.0,61.51,93,0
1174,77.31,35.32,51.89,79.95,0,1.0,77.31,94,0
1175,75.13,41.09,57.9,80.78,0,1.0,75.13,95,0
1176,72.11,29.88,56.99,79.11,0,1.0,72.11,96,0
1177,67.08,51.14,33.93,77.2,0,1.0,67.08,97,0
1178,46.19,27.32,40.95,65.43,0,1.0,46.19,98,0
1179,60.15,27.31,47.22,72.43,0,1.0,60.15,99,0
1180,53.42,50.6,42.98,71.22,0,1.0,53.42,100,0
1181,66.16,44.74,39.3,75.38,0,1.0,66.16,101,0
1182,67.57,25.08,40.7,75.14,0,1.0,67.57,102,0
1183,49.47,55.59,30.27,68.73,0,1.0,49.47,103,0
1184,50.47,22.68,30.85,66.01,0,1.0,50.47,104,0
1185,68.81,56.73,42.24,78.13,0,1.0,68.81,105,0
1186,72.17,22.63,50.78,77.42,0,1.0,72.17,106,0
1187,61.36,55.18,42.3,75.21,0,1.0,61.36,107,0
1188,52.98,57.8,38.48,71.47,0,1.0,52.98,108,0
1189,59.46,49.54,56.01,74.76,0,1.0,59.46,109,0
1190,77.83,25.3,53.24,79.75,0,1.0,77.83,110,0
1191,70.15,28.76,43.29,76.85,0,1.0,70.15,111,0
1192,78.49,55.61,38.11,83.43,0,1.0,78.49,112,0
1193,52.58,43.24,51.9,70.4,0,1.0,52.58,113,0
1194,68.44,22.08,55.79,75.71,0,1.0,68.44,114,0
1195,59.32,55.47,41.35,74.81,0,1.0,59.32,115,0
1196,79.67,50.82,36.32,82.75,0,1.0,79.67,116,0
1197,71.2,50.85,36.84,79.81,0,1.0,71.2,117,0
1198,60.08,44.2,46.8,73.77,0,1.0,60.08,118,0
1199,72.51,41.67,33.93,79.03,0,1.0,72.51,119,0
1200,54.76,25.42,45.55,68.69,0,1.0,54.76,0,0
1201,50.11,36.27,41.49,68.84,0,1.0,50.11,1,0
1202,50.69,40.36,34.42,68.79,0,1.0,50.69,2,0
1203,77.51,56.49,58.38,82.94,0,1.0,77.51,3,0
1204,75.8,58.88,55.78,82.01,0,1.0,75.8,4,0
1205,40.37,37.7,31.38,63.59,0,1.0,40.37,5,0
1206,64.53,54.75,49.86,76.87,0,1.0,64.53,6,0
1207,44.79,41.28,38.54,65.3,0,1.0,44.79,7,0
1208,46.52,52.5,55.6,69.79,0,1.0,46.52,8,0
1209,52.83,42.09,31.52,68.64,0,1.0,52.83,9,0
1210,50.25,27.62,50.1,66.88,0,1.0,50.25,10,0
1211,47.66,35.45,44.55,66.93,0,1.0,47.66,11,0
1212,65.66,20.94,42.91,74.54,0,1.0,65.66,12,0
1213,70.34,44.24,47.11,77.54,0,1.0,70.34,13,0
1214,48.31,40.16,46.35,67.64,0,1.0,48.31,14,0
1215,68.89,23.12,33.18,74.96,0,1.0,68.89,15,0
1216,46.34,39.5,40.92,67.13,0,1.0,46.34,16,0
1217,50.99,55.51,31.22,70.88,0,1.0,50.99,17,0
1218,71.57,21.25,59.01,77.34,0,1.0,71.57,18,0
1219,42.66,59.57,31.18,67.02,0,1.0,42.66,19,0
1220,49.84,41.28,44.47,69.19,0,1.0,49.84,20,0
1221,48.58,49.53,35.67,68.75,0,1.0,48.58,21,0
1222,77.69,40.74,40.57,80.53,0,1.0,77.69,22,0
1223,66.17,41.34,58.32,76.62,0,1.0,66.17,23,0
1224,60.5,30.71,43.65,72.42,0,1.0,60.5,24,0
1225,53.17,21.69,44.89,68.43,0,1.0,53.17,25,0
1226,79.4,57.83,35.91,84.06,0,1.0,79.4,26,0
1227,61.62,53.98,44.4,75.1,0,1.0,61.62,27,0
1228,47.56,56.04,50.23,69.78,0,1.0,47.56,28,0
1229,44.84,23.15,45.82,64.59,0,1.0,44.84,29,0
1230,57.24,26.99,59.61,71.56,0,1.0,57.24,30,0
1231,43.79,59.03,38.59,67.39,0,1.0,43.79,31,0
1232,72.41,41.46,38.35,77.77,0,1.0,72.41,32,0
1233,67.44,30.0,31.97,75.33,0,1.0,67.44,33,0
1234,54.54,28.67,50.09,70.86,0,1.0,54.54,34,0
1235,56.97,37.87,37.62,71.95,0,1.0,56.97,35,0
1236,52.19,27.27,32.58,68.27,0,1.0,52.19,36,0
1237,55.62,36.63,44.08,70.63,0,1.0,55.62,37,0
1238,66.55,46.63,38.59,76.46,0,1.0,66.55,38,0
1239,40.92,55.87,36.32,65.27,0,1.0,40.92,39,0
1240,65.57,23.01,34.03,73.8,0,1.0,65.57,40,0
1241,62.3,30.24,49.52,72.77,0,1.0,62.3,41,0
1242,50.71,44.16,56.14,71.04,0,1.0,50.71,42,0
1243,49.01,30.28,44.38,67.04,0,1.0,49.01,43,0
1244,54.94,35.34,55.1,71.31,0,1.0,54.94,44,0
1245,72.72,21.53,56.12,77.71,0,1.0,72.72,45,0
1246,66.7,20.51,56.15,74.77,0,1.0,66.7,46,0
1247,57.58,39.85,42.11,72.36,0,1.0,57.58,47,0
1248,63.97,52.3,33.28,75.48,0,1.0,63.97,48,0
1249,74.44,23.13,32.18,78.12,0,1.0,74.44,49,0
1250,61.72,53.32,33.75,74.05,0,1.0,61.72,50,0
1251,56.6,33.08,48.2,72.05,0,0.7,48.11,51,0
1252,40.9,24.51,48.28,63.91,0,0.7,34.77,52,0
1253,71.48,22.26,41.08,76.46,0,0.7,60.76,53,0
1254,54.19,44.51,47.56,71.31,0,0.7,46.06,54,0
1255,43.39,24.77,36.74,63.84,0,0.7,36.88,55,0
1256,71.56,34.04,42.14,77.5,0,0.7,60.83,56,0
1257,63.64,59.57,35.0,75.44,0,0.7,54.09,57,0
1258,73.19,48.16,58.37,80.49,0,0.7,62.21,58,0
1259,65.22,37.98,35.66,74.95,0,0.7,55.44,59,0
1260,69.42,46.55,33.4,78.01,0,0.7,59.01,60,0
1261,76.79,22.21,54.62,78.58,0,0.7,65.28,61,0
1262,45.92,49.85,30.25,66.5,0,0.7,39.04,62,0
1263,76.67,48.22,50.15,81.62,1,0.7,65.17,63,0
1264,61.38,47.01,42.52,74.91,0,0.7,52.17,64,0
1265,47.68,53.6,51.75,70.19,0,0.4,28.61,65,0
1266,48.38,20.47,59.92,66.37,0,0.4,29.03,66,0
1267,63.21,56.16,39.61,76.38,0,0.4,37.93,67,0
1268,53.46,28.45,39.4,68.23,0,0.4,32.07,68,0
1269,49.81,37.94,39.62,68.68,0,0.4,29.89,69,0
1270,74.44,42.63,34.72,79.88,0,0.4,44.66,70,0
1271,75.59,37.62,57.04,81.13,0,0.4,45.35,71,0
1272,53.02,59.34,50.02,71.38,0,0.4,31.81,72,0
1273,42.25,20.96,43.5,62.95,0,0.4,25.35,73,0
1274,46.59,47.57,45.44,67.39,0,0.4,27.95,74,0
1275,42.89,25.9,32.2,64.12,0,0.4,25.73,75,0
1276,68.65,46.78,44.31,78.07,0,0.4,41.19,76,0
1277,71.12,40.01,40.73,77.59,0,0.4,42.67,77,0
1278,74.84,33.69,53.09,79.82,0,0.4,44.9,78,0
1279,60.71,43.12,52.48,75.18,0,0.4,36.42,79,0
1280,77.5,41.2,48.45,81.38,0,0.4,46.5,80,0
1281,69.89,32.47,39.19,77.33,0,0.4,41.93,81,0
1282,50.27,43.72,58.08,70.25,0,0.4,30.16,82,0
1283,53.76,31.09,59.9,70.8,0,0.4,32.26,83,0
1284,41.97,21.24,46.63,63.86,0,0.4,25.18,84,0
1285,41.34,34.67,37.11,63.82,0,0.4,24.8,85,0
1286,48.93,56.89,42.78,70.82,0,0.4,29.36,86,0
1287,40.21,49.93,57.09,65.22,0,0.4,24.13,87,0
1288,77.35,41.7,45.82,80.55,1,0.4,46.41,88,0
1289,43.5,45.35,57.44,66.4,0,0.4,26.1,89,0
1290,64.15,26.56,52.08,73.73,0,0.4,38.49,90,0
1291,46.85,49.67,39.08,68.33,0,0.4,28.11,91,0
1292,45.13,37.01,37.42,66.38,0,0.4,27.08,92,0
1293,75.67,27.86,48.42,78.43,0,0.4,45.4,93,0
1294,66.38,44.99,38.48,76.05,0,0.4,39.83,94,0
1295,60.16,48.35,37.47,73.43,0,0.7,51.13,95,0
1296,53.64,52.13,56.92,72.23,0,1.0,53.64,96,0
1297,75.17,20.52,58.34,78.77,0,1.0,75.17,97,0
1298,40.98,43.26,46.47,64.53,0,1.0,40.98,98,0
1299,69.09,20.03,58.11,75.33,0,1.0,69.09,99,0
1300,41.51,24.92,59.59,63.78,0,1.0,41.51,100,0
1301,68.78,54.18,37.71,77.3,0,1.0,68.78,101,0
1302,44.14,37.26,36.9,65.46,0,1.0,44.14,102,0
1303,76.24,42.67,40.63,80.37,0,1.0,76.24,103,0
1304,58.07,54.27,58.32,74.14,0,1.0,58.07,104,0
1305,48.02,36.54,36.19,67.82,0,1.0,48.02,105,0
1306,64.23,47.67,41.49,76.48,0,1.0,64.23,106,0
1307,42.69,38.59,54.62,66.03,0,1.0,42.69,107,0
1308,44.74,20.55,39.1,64.54,0,1.0,44.74,108,0
1309,59.83,36.84,42.32,72.18,0,1.0,59.83,109,0
1310,42.21,27.93,30.28,63.56,0,1.0,42.21,110,0
1311,47.75,33.83,40.74,65.92,0,1.0,47.75,111,0
1312,77.61,55.68,46.07,82.88,0,1.0,77.61,112,0
1313,65.89,21.79,31.62,73.32,0,1.0,65.89,113,0
1314,44.19,52.91,36.3,66.78,0,1.0,44.19,114,0
1315,46.02,40.14,54.05,67.31,0,1.0,46.02,115,0
1316,68.24,39.62,37.73,77.33,0,1.0,68.24,116,0
1317,50.76,52.13,31.32,70.61,0,1.0,50.76,117,0
1318,55.79,39.69,56.42,71.72,0,1.0,55.79,118,0
1319,40.09,29.79,50.42,62.78,0,1.0,40.09,119,0
1320,65.91,48.48,35.35,75.44,0,1.0,65.91,0,0
1321,74.13,54.54,53.18,80.81,0,1.0,74.13,1,0
1322,63.87,33.49,37.88,73.23,0,1.0,63.87,2,0
1323,54.37,39.01,40.91,70.7,0,1.0,54.37,3,0
1324,55.26,25.63,48.75,70.32,0,1.0,55.26,4,0
1325,78.01,22.53,48.09,78.88,0,1.0,78.01,5,0
1326,66.77,53.26,34.51,76.18,0,1.0,66.77,6,0
1327,45.16,38.74,47.95,65.65,0,1.0,45.16,7,0
1328,56.81,55.8,59.48,74.39,0,1.0,56.81,8,0
1329,60.65,26.15,57.65,73.3,0,1.0,60.65,9,0
1330,48.01,28.44,50.65,66.42,0,1.0,48.01,10,0
1331,71.36,38.13,53.77,79.29,0,1.0,71.36,11,0
1332,50.96,32.59,33.5,67.41,0,1.0,50.96,12,0
1333,76.34,24.18,51.61,79.72,0,1.0,76.34,13,0
1334,62.74,34.55,52.7,73.84,0,1.0,62.74,14,0
1335,73.58,37.93,49.1,78.8,0,1.0,73.58,15,0
1336,58.93,44.71,43.69,73.96,0,1.0,58.93,16,0
1337,72.05,36.42,36.9,77.72,0,1.0,72.05,17,0
1338,60.98,52.24,40.6,74.98,0,1.0,60.98,18,0
1339,71.78,23.96,38.14,77.31,0,1.0,71.78,19,0
1340,79.19,30.73,31.23,80.68,0,1.0,79.19,20,0
1341,68.3,21.25,56.11,74.94,0,1.0,68.3,21,0
1342,78.41,47.73,54.04,82.55,0,1.0,78.41,22,0
1343,59.23,42.07,48.95,72.82,0,1.0,59.23,23,0
1344,78.63,20.59,44.43,79.33,0,1.0,78.63,24,0
1345,57.42,36.59,51.98,72.47,0,1.0,57.42,25,0
1346,64.38,43.41,41.09,75.34,0,1.0,64.38,26,0
1347,48.55,24.22,50.49,67.12,0,1.0,48.55,27,0
1348,42.08,55.37,55.88,67.15,0,1.0,42.08,28,0
1349,61.29,56.21,32.49,74.21,0,1.0,61.29,29,0
1350,72.65,59.53,41.67,79.82,0,1.0,72.65,30,0
1351,47.94,39.79,52.27,68.71,0,1.0,47.94,31,0
1352,78.95,46.53,42.25,81.85,0,1.0,78.95,32,0
1353,46.87,41.19,38.7,67.4,0,1.0,46.87,33,0
1354,51.33,20.01,33.81,67.66,0,1.0,51.33,34,0
1355,71.13,44.34,59.13,79.15,0,1.0,71.13,35,0
1356,55.85,58.55,46.17,72.87,0,1.0,55.85,36,0
1357,65.79,34.96,58.53,75.07,0,1.0,65.79,37,0
1358,52.84,30.09,46.03,69.73,0,1.0,52.84,38,0
1359,71.8,27.25,51.36,77.37,0,1.0,71.8,39,0
1360,78.51,25.07,42.62,79.93,0,1.0,78.51,40,0
1361,42.09,47.42,43.09,65.23,0,1.0,42.09,41,0
1362,59.46,31.94,49.14,71.98,0,1.0,59.46,42,0
1363,41.61,23.79,30.2,61.92,0,0.7,35.37,43,0
1364,51.55,25.97,37.23,68.53,0,0.7,43.82,44,0
1365,74.94,35.8,40.05,78.72,0,0.7,63.7,45,0
1366,67.09,31.58,47.32,74.85,0,0.7,57.03,46,0
1367,77.48,35.09,49.92,80.38,0,0.7,65.86,47,0
1368,52.22,26.31,35.22,68.41,0,0.7,44.38,48,0
1369,55.18,40.26,46.88,70.83,0,0.7,46.9,49,0
1370,74.85,27.7,32.93,78.9,0,0.7,63.62,50,0
1371,54.38,25.03,47.68,69.41,0,0.7,46.22,51,0
1372,71.88,43.62,32.91,78.45,0,0.7,61.1,52,0
1373,65.16,26.11,51.31,74.85,0,0.7,55.39,53,0
1374,53.32,46.78,36.48,70.68,0,0.7,45.32,54,0
1375,76.86,59.14,30.32,82.26,0,0.7,65.33,55,0
1376,50.07,59.24,48.41,71.46,0,0.7,42.56,56,0
1377,70.34,20.88,54.51,75.49,0,0.7,59.79,57,0
1378,64.46,47.84,40.27,75.02,0,0.7,54.79,58,0
1379,60.83,49.69,45.29,74.45,0,1.0,60.83,59,0
1380,53.42,59.04,56.21,72.41,0,1.0,53.42,60,0
1381,57.65,20.72,32.24,69.65,0,1.0,57.65,61,0
1382,42.84,27.57,53.14,65.37,0,1.0,42.84,62,0
1383,41.13,53.14,53.65,66.02,0,1.0,41.13,63,0
1384,41.61,28.05,35.36,62.97,0,1.0,41.61,64,0
1385,59.07,30.83,30.88,71.42,0,1.0,59.07,65,0
1386,74.68,49.87,55.73,81.37,0,1.0,74.68,66,0
1387,48.24,37.65,31.95,67.72,0,1.0,48.24,67,0
1388,74.57,38.58,52.33,80.27,0,1.0,74.57,68,0
1389,71.43,38.5,58.23,78.88,0,1.0,71.43,69,0
1390,72.86,42.18,35.39,78.71,0,1.0,72.86,70,0
1391,72.45,21.31,44.04,77.23,0,1.0,72.45,71,0
1392,74.1,41.94,35.92,78.97,0,1.0,74.1,72,0
1393,42.07,26.34,54.38,63.55,0,1.0,42.07,73,0
1394,60.68,50.54,43.42,75.11,0,1.0,60.68,74,0
1395,46.25,37.48,41.91,67.14,0,1.0,46.25,75,0
1396,46.83,29.07,47.27,66.19,0,1.0,46.83,76,0
1397,66.52,54.1,37.74,77.21,0,1.0,66.52,77,0
1398,63.8,23.61,48.18,72.66,0,1.0,63.8,78,0
1399,71.53,48.16,47.69,79.29,0,1.0,71.53,79,0
1400,59.96,57.26,47.5,75.16,0,1.0,59.96,80,0
1401,40.15,29.66,45.29,63.06,0,0.7,34.13,81,0
1402,54.01,38.09,34.01,68.91,0,0.7,45.91,82,0
1403,70.43,25.99,47.15,76.16,0,1.0,70.43,83,0
1404,45.21,32.37,33.51,66.23,0,1.0,45.21,84,0
1405,47.96,43.51,31.92,68.26,0,1.0,47.96,85,0
1406,58.0,20.89,49.22,70.48,0,1.0,58.0,86,0
1407,66.16,36.65,35.39,75.58,0,1.0,66.16,87,0
1408,44.7,51.43,50.21,67.0,0,1.0,44.7,88,0
1409,77.8,25.66,49.29,79.8,0,1.0,77.8,89,0
1410,78.49,56.06,38.11,83.44,0,1.0,78.49,90,0
1411,57.47,40.81,38.85,70.92,0,1.0,57.47,91,0
1412,57.74,26.84,56.2,71.89,0,1.0,57.74,92,0
1413,66.15,58.25,30.09,76.59,0,1.0,66.15,93,0
1414,68.82,50.63,32.74,77.7,0,1.0,68.82,94,0
1415,72.41,25.4,44.06,78.21,0,1.0,72.41,95,0
1416,79.77,42.22,35.1,81.51,0,1.0,79.77,96,0
1417,51.23,58.89,34.6,71.14,1,1.0,51.23,97,0
1418,76.64,31.52,35.57,79.72,0,1.0,76.64,98,0
1419,52.77,30.09,58.68,70.54,0,1.0,52.77,99,0
1420,58.09,36.98,34.7,71.43,0,1.0,58.09,100,0
1421,57.76,51.25,50.4,73.91,0,1.0,57.76,101,0
1422,62.28,51.49,46.24,75.14,0,1.0,62.28,102,0
1423,58.83,55.12,47.58,74.71,0,1.0,58.83,103,0
1424,55.92,40.55,54.09,71.67,0,1.0,55.92,104,0
1425,76.58,23.64,49.45,79.13,0,1.0,76.58,105,0
1426,42.68,43.75,53.16,66.9,0,1.0,42.68,106,0
1427,66.25,55.27,44.56,77.65,0,1.0,66.25,107,0
1428,57.93,30.98,41.8,71.03,0,1.0,57.93,108,0
1429,74.44,22.79,50.33,77.64,0,1.0,74.44,109,0
1430,50.8,50.74,56.55,70.2,0,1.0,50.8,110,0
1431,74.94,50.51,45.39,81.39,0,1.0,74.94,111,0
1432,56.12,56.29,52.21,73.58,0,1.0,56.12,112,0
1433,60.82,46.22,42.55,74.55,0,1.0,60.82,113,0
1434,58.06,36.32,50.62,71.79,0,1.0,58.06,114,0
1435,56.73,56.44,59.79,73.37,0,1.0,56.73,115,0
1436,78.33,23.91,30.45,78.49,0,1.0,78.33,116,0
1437,60.1,53.94,30.61,74.18,0,1.0,60.1,117,0
1438,51.34,47.47,50.23,69.8,0,1.0,51.34,118,0
1439,51.57,52.36,54.01,71.06,0,1.0,51.57,119,0
1440,73.09,37.0,38.26,78.03,0,1.0,73.09,0,0
1441,57.6,23.65,51.56,70.29,0,1.0,57.6,1,0
1442,49.11,43.35,41.14,68.39,0,1.0,49.11,2,0
1443,46.23,55.22,43.01,68.3,0,1.0,46.23,3,0
1444,62.17,42.35,51.21,74.13,0,1.0,62.17,4,0
1445,77.89,25.44,44.93,79.27,0,1.0,77.89,5,0
1446,45.75,48.4,46.01,67.01,0,1.0,45.75,6,0
1447,47.05,44.25,40.11,67.77,0,1.0,47.05,7,0
1448,48.92,27.52,42.84,67.22,0,1.0,48.92,8,0
1449,60.76,44.23,58.89,74.89,0,1.0,60.76,9,0
1450,77.12,53.14,39.69,81.47,0,1.0,77.12,10,0
1451,69.76,40.13,32.03,77.45,0,1.0,69.76,11,0
1452,66.57,37.06,56.67,77.18,0,1.0,66.57,12,0
1453,75.33,39.83,39.4,80.36,0,1.0,75.33,13,0
1454,74.63,48.98,42.11,80.02,0,1.0,74.63,14,0
1455,47.04,49.73,37.56,67.93,0,0.7,39.99,15,0
1456,55.64,23.2,32.69,69.18,0,0.7,47.3,16,0
1457,57.27,22.16,45.5,70.27,0,0.7,48.68,17,0
1458,44.94,24.04,48.29,64.44,0,0.7,38.2,18,0
1459,78.31,54.18,36.91,82.16,0,0.7,66.57,19,0
1460,40.78,46.85,45.69,66.12,0,0.7,34.67,20,0
1461,71.68,25.09,41.96,76.2,0,0.7,60.93,21,0
1462,62.25,36.46,58.43,73.83,0,0.7,52.91,22,0
1463,70.91,33.56,34.29,77.7,0,0.7,60.28,23,0
1464,62.66,38.87,44.87,74.79,0,0.7,53.26,24,0
1465,75.83,22.31,34.22,78.5,0,0.7,64.46,25,0
1466,45.48,40.27,33.8,66.14,0,0.7,38.66,26,0
1467,59.23,59.68,50.6,75.83,0,0.7,50.35,27,0
1468,41.62,24.92,36.09,62.83,0,0.7,35.38,28,0
1469,66.18,48.37,47.59,76.71,0,0.7,56.26,29,0
1470,43.35,59.71,33.82,66.32,0,0.7,36.85,30,0
1471,66.01,33.16,41.74,74.63,0,0.7,56.11,31,0
1472,68.82,40.46,58.31,77.01,0,0.7,58.49,32,0
1473,76.81,21.97,47.2,79.83,0,0.7,65.29,33,0
1474,40.76,49.3,57.99,66.49,0,1.0,40.76,34,0
1475,76.8,38.81,30.87,80.37,0,1.0,76.8,35,0
1476,48.57,22.58,47.23,66.72,0,1.0,48.57,36,0
1477,74.44,44.62,30.38,79.87,0,1.0,74.44,37,0
1478,65.96,34.01,57.51,75.23,0,1.0,65.96,38,0
1479,76.99,24.5,32.85,78.4,0,1.0,76.99,39,0
1480,63.4,37.72,31.03,73.49,0,1.0,63.4,40,0
1481,68.99,47.92,39.33,77.01,0,1.0,68.99,41,0
1482,79.22,39.75,30.29,80.42,0,1.0,79.22,42,0
1483,43.0,57.73,40.95,68.0,0,1.0,43.0,43,0
1484,64.27,45.07,49.14,76.14,0,0.7,54.63,44,0
1485,69.29,51.08,56.17,78.53,0,0.7,58.9,45,0
1486,60.56,53.17,43.31,74.88,0,1.0,60.56,46,0
1487,64.61,53.12,34.73,76.31,0,1.0,64.61,47,0
1488,44.94,59.2,41.81,67.69,0,1.0,44.94,48,0
1489,64.38,45.74,32.64,75.96,0,1.0,64.38,49,0
1490,58.49,35.6,55.91,73.54,0,1.0,58.49,50,0
1491,71.26,57.23,37.37,79.81,0,1.0,71.26,51,0
1492,40.21,42.59,40.18,64.01,0,1.0,40.21,52,0
1493,64.37,54.13,37.94,76.31,0,1.0,64.37,53,0
1494,62.27,46.46,47.76,75.53,0,1.0,62.27,54,0
1495,44.66,43.86,38.25,65.55,0,1.0,44.66,55,0
1496,53.15,48.82,49.31,70.93,0,1.0,53.15,56,0
1497,65.5,42.14,30.34,75.6,0,1.0,65.5,57,0
1498,72.72,43.51,37.57,78.36,0,1.0,72.72,58,0
1499,51.84,40.6,34.96,70.09,0,1.0,51.84,59,0
1500,76.54,41.01,51.75,81.01,0,1.0,76.54,60,0
1501,52.05,43.13,44.94,70.14,0,1.0,52.05,61,0
1502,43.36,22.09,37.6,62.75,0,1.0,43.36,62,0
1503,41.55,46.36,38.18,65.99,0,1.0,41.55,63,0
1504,60.71,35.28,46.93,72.42,0,1.0,60.71,64,0
1505,53.93,48.41,40.92,71.82,0,1.0,53.93,65,0
1506,44.3,53.84,52.07,67.35,0,1.0,44.3,66,0
1507,79.04,30.27,43.68,79.84,0,1.0,79.04,67,0
1508,78.12,40.67,54.57,82.05,0,1.0,78.12,68,0
1509,63.02,58.02,55.77,76.41,0,1.0,63.02,69,0
1510,76.9,54.11,53.25,82.46,0,1.0,76.9,70,0
1511,50.14,40.2,30.91,67.39,0,1.0,50.14,71,0
1512,56.91,40.69,41.1,72.22,0,1.0,56.91,72,0
1513,68.9,28.18,40.14,75.77,0,1.0,68.9,73,0
1514,53.17,25.53,41.97,69.54,0,1.0,53.17,74,0
1515,57.32,22.84,44.64,70.71,0,1.0,57.32,75,0
1516,51.56,23.45,58.1,68.21,0,1.0,51.56,76,0
1517,52.97,48.65,34.06,69.99,0,1.0,52.97,77,0
1518,48.91,48.7,58.3,69.85,0,1.0,48.91,78,0
1519,53.04,39.03,48.08,71.14,0,1.0,53.04,79,0
1520,75.57,38.71,49.72,81.15,0,1.0,75.57,80,0
1521,56.63,44.04,51.29,73.35,0,1.0,56.63,81,0
1522,60.83,30.74,53.3,73.22,0,1.0,60.83,82,0
1523,59.25,44.69,42.15,72.64,0,1.0,59.25,83,0
1524,69.36,36.44,40.65,76.7,0,1.0,69.36,84,0
1525,61.74,39.89,34.04,73.47,0,1.0,61.74,85,0
1526,77.31,44.2,49.78,81.5,0,1.0,77.31,86,0
1527,70.77,34.74,58.8,78.9,0,1.0,70.77,87,0
1528,50.84,31.43,38.13,68.64,0,1.0,50.84,88,0
1529,50.96,27.99,36.96,68.17,0,1.0,50.96,89,0
1530,57.17,36.32,33.42,71.38,0,1.0,57.17,90,0
1531,69.14,20.0,58.62,76.67,0,1.0,69.14,91,0
1532,77.35,52.39,55.12,81.99,0,1.0,77.35,92,0
1533,67.14,42.82,58.37,77.3,0,1.0,67.14,93,0
1534,77.31,23.04,45.03,79.72,0,1.0,77.31,94,0
1535,76.36,57.68,31.93,81.53,0,1.0,76.36,95,0
1536,61.47,56.43,55.4,75.33,0,1.0,61.47,96,0
1537,61.28,30.66,56.98,74.35,0,1.0,61.28,97,0
1538,55.36,49.47,44.28,71.32,0,1.0,55.36,98,0
1539,69.38,34.69,30.57,75.42,0,1.0,69.38,99,0
1540,53.39,47.82,50.96,71.76,0,1.0,53.39,100,0
1541,59.57,38.01,35.98,72.02,0,1.0,59.57,101,0
1542,49.94,32.17,53.12,68.0,0,1.0,49.94,102,0
1543,70.99,25.19,43.61,76.66,0,1.0,70.99,103,0
1544,72.43,21.79,38.89,76.28,0,1.0,72.43,104,0
1545,52.39,40.88,49.91,69.92,0,1.0,52.39,105,0
1546,51.61,41.65,30.71,68.09,0,1.0,51.61,106,0
1547,68.86,23.53,55.39,76.57,0,1.0,68.86,107,0
1548,56.16,28.86,45.36,70.53,0,1.0,56.16,108,0
1549,77.95,56.09,56.27,84.1,0,1.0,77.95,109,0
1550,50.6,39.8,55.4,69.53,0,1.0,50.6,110,0
1551,50.1,49.27,34.94,68.92,0,1.0,50.1,111,0
1552,68.33,34.71,46.66,75.75,0,1.0,68.33,112,0
1553,65.94,49.02,36.29,77.16,0,1.0,65.94,113,0
1554,47.29,57.69,52.65,69.1,0,1.0,47.29,114,0
1555,67.83,50.63,43.24,78.18,0,1.0,67.83,115,0
1556,65.31,59.04,39.32,77.18,0,1.0,65.31,116,0
1557,73.74,50.47,31.75,80.81,0,1.0,73.74,117,0
1558,66.05,54.25,33.37,76.51,0,1.0,66.05,118,0
1559,43.13,51.52,55.06,66.64,0,1.0,43.13,119,0
1560,60.8,53.21,42.58,74.2,0,1.0,60.8,0,0
1561,61.25,52.22,53.74,75.64,0,1.0,61.25,1,0
1562,42.0,54.95,32.27,65.5,0,1.0,42.0,2,0
1563,75.05,31.92,30.36,78.08,0,1.0,75.05,3,0
1564,61.39,55.06,57.37,75.53,0,1.0,61.39,4,0
1565,77.96,59.94,37.06,83.39,0,1.0,77.96,5,0
1566,40.37,38.42,44.65,63.29,0,1.0,40.37,6,0
1567,62.4,32.04,35.01,72.85,0,1.0,62.4,7,0
1568,47.95,40.34,34.72,67.69,0,1.0,47.95,8,0
1569,58.71,22.83,47.95,70.63,0,1.0,58.71,9,0
1570,76.97,41.96,47.49,81.01,0,1.0,76.97,10,0
1571,51.42,53.77,42.97,71.32,0,1.0,51.42,11,0
1572,68.05,31.63,38.92,75.32,0,1.0,68.05,12,0
1573,40.04,48.61,35.14,63.84,0,1.0,40.04,13,0
1574,59.04,21.78,59.12,72.13,0,1.0,59.04,14,0
1575,57.94,45.05,34.39,71.68,0,1.0,57.94,15,0
1576,55.21,54.85,49.89,72.51,0,1.0,55.21,16,0
1577,69.43,39.48,54.4,78.82,0,1.0,69.43,17,0
1578,60.49,34.41,43.95,73.24,0,1.0,60.49,18,0
1579,76.73,52.61,59.37,83.52,0,1.0,76.73,19,0
1580,44.49,31.65,48.43,66.22,0,1.0,44.49,20,0
1581,40.23,27.45,32.99,62.22,0,1.0,40.23,21,0
1582,53.94,27.17,49.41,69.39,0,1.0,53.94,22,0
1583,78.24,28.59,45.5,80.81,0,1.0,78.24,23,0
1584,55.12,38.55,32.66,70.51,0,1.0,55.12,24,0
1585,61.78,41.29,32.28,73.94,0,1.0,61.78,25,0
1586,58.78,48.81,45.88,73.42,0,1.0,58.78,26,0
1587,77.56,46.87,32.24,81.12,0,1.0,77.56,27,0
1588,79.56,57.96,32.35,84.08,0,1.0,79.56,28,0
1589,56.74,37.63,49.03,72.29,0,1.0,56.74,29,0
1590,47.47,33.84,40.44,66.71,0,1.0,47.47,30,0
1591,45.83,21.34,44.11,65.87,0,1.0,45.83,31,0
1592,69.33,45.5,49.36,78.87,0,1.0,69.33,32,0
1593,67.88,43.47,54.98,76.79,0,1.0,67.88,33,0
1594,55.17,33.61,48.62,71.4,0,1.0,55.17,34,0
1595,56.09,24.1,31.85,68.34,0,1.0,56.09,35,0
1596,68.72,49.71,31.53,76.91,0,1.0,68.72,36,0
1597,45.78,25.36,58.31,66.66,0,1.0,45.78,37,0
1598,54.22,51.64,45.31,71.09,0,1.0,54.22,38,0
1599,50.52,35.02,44.93,68.17,0,1.0,50.52,39,0
1600,40.77,50.9,35.13,64.28,0,1.0,40.77,40,0
1601,72.55,39.74,36.16,78.91,0,1.0,72.55,41,0
1602,76.14,24.17,59.48,80.37,0,1.0,76.14,42,0
1603,68.89,27.62,43.26,75.07,0,1.0,68.89,43,0
1604,55.46,33.21,47.86,71.41,0,1.0,55.46,44,0
1605,46.33,47.81,33.17,67.62,0,1.0,46.33,45,0
1606,77.45,20.74,43.13,78.13,0,1.0,77.45,46,0
1607,52.87,25.29,41.29,68.73,0,1.0,52.87,47,0
1608,63.59,28.02,38.62,72.67,0,1.0,63.59,48,0
1609,60.78,42.51,58.35,73.91,0,1.0,60.78,49,0
1610,62.41,30.2,37.88,72.08,0,1.0,62.41,50,0
1611,41.9,28.77,51.19,64.86,0,1.0,41.9,51,0
1612,55.52,26.4,41.94,69.88,0,1.0,55.52,52,0
1613,60.3,33.16,45.25,71.76,0,1.0,60.3,53,0
1614,62.16,38.02,38.57,73.3,0,1.0,62.16,54,0
1615,78.69,37.55,41.8,81.95,0,1.0,78.69,55,0
1616,49.24,49.74,45.96,70.05,0,1.0,49.24,56,0
1617,68.63,52.0,40.38,77.45,1,1.0,68.63,57,0
1618,54.1,42.2,35.64,71.06,0,1.0,54.1,58,0
1619,59.23,39.95,36.45,72.01,0,1.0,59.23,59,0
1620,70.8,38.49,51.42,78.75,0,1.0,70.8,60,0
1621,72.84,28.18,35.58,76.63,0,1.0,72.84,61,0
1622,58.79,51.32,52.39,74.41,0,1.0,58.79,62,0
1623,52.47,45.51,30.28,68.74,0,1.0,52.47,63,0
1624,50.61,47.52,53.77,69.83,0,1.0,50.61,64,0
1625,53.81,24.26,44.76,69.41,0,1.0,53.81,65,0
1626,49.71,59.67,35.92,70.28,0,1.0,49.71,66,0
1627,78.83,57.9,56.54,83.52,0,1.0,78.83,67,0
1628,79.44,27.22,52.98,80.8,0,1.0,79.44,68,0
1629,71.75,38.59,46.13,79.45,0,1.0,71.75,69,0
1630,54.61,35.71,50.87,71.56,0,1.0,54.61,70,0
1631,43.57,28.45,45.06,63.74,0,1.0,43.57,71,0
1632,40.6,30.58,45.42,63.74,0,1.0,40.6,72,0
1633,56.59,57.21,53.55,73.26,0,1.0,56.59,73,0
1634,62.4,51.59,52.16,76.1,0,1.0,62.4,74,0
1635,44.52,53.13,37.56,67.78,0,1.0,44.52,75,0
1636,63.84,38.42,40.93,74.32,0,1.0,63.84,76,0
1637,67.14,27.94,44.82,75.83,0,1.0,67.14,77,0
1638,70.85,46.45,42.28,79.43,0,0.7,60.22,78,0
1639,44.75,20.6,56.7,64.52,0,0.7,38.04,79,0
1640,74.36,59.66,38.82,81.79,0,0.7,63.21,80,0
1641,73.92,34.71,47.73,79.13,0,0.4,44.35,81,0
1642,42.23,42.96,55.89,66.06,0,0.4,25.34,82,0
1643,53.28,26.2,55.47,69.41,0,0.4,31.97,83,0
1644,67.72,20.2,42.83,74.03,0,0.4,40.63,84,0
1645,51.44,40.67,37.9,68.53,0,0.4,30.87,85,0
1646,42.33,34.89,51.62,65.23,0,0.4,25.4,86,0
1647,54.62,57.45,31.65,72.25,0,0.4,32.77,87,0
1648,47.36,31.84,51.51,66.24,0,0.4,28.42,88,0
1649,69.18,24.01,51.53,76.47,0,0.7,58.81,89,0
1650,40.92,34.92,34.46,63.75,0,0.7,34.79,90,0
1651,73.8,20.01,35.06,76.02,0,0.7,62.73,91,0
1652,43.88,44.26,43.54,67.22,0,0.7,37.3,92,0
1653,41.18,37.36,38.33,64.92,0,0.7,35.0,93,0
1654,61.28,23.67,43.35,73.11,0,0.7,52.08,94,0
1655,72.93,24.12,36.82,76.08,0,0.7,61.99,95,0
1656,58.91,47.09,56.24,74.53,0,0.7,50.07,96,0
1657,40.49,46.45,38.68,64.31,0,0.7,34.41,97,0
1658,60.46,37.61,45.37,73.58,0,0.7,51.39,98,0
1659,46.65,33.98,52.25,67.52,0,0.7,39.65,99,0
1660,63.52,42.83,44.53,75.19,0,0.7,53.99,100,0
1661,68.62,24.39,52.49,75.21,0,0.4,41.17,101,0
1662,78.28,22.42,43.3,79.0,0,0.4,46.97,102,0
1663,78.02,45.37,40.62,81.89,0,0.4,46.81,103,0
1664,74.82,42.33,39.74,79.47,0,0.4,44.89,104,0
1665,58.02,33.01,44.13,72.25,0,0.4,34.81,105,0
1666,75.9,57.87,41.92,81.47,0,0.4,45.54,106,0
1667,47.05,44.29,44.3,68.55,0,0.4,28.23,107,0
1668,70.52,50.38,56.58,80.06,0,0.4,42.31,108,0
1669,60.13,20.56,30.21,70.1,0,0.4,36.08,109,0
1670,47.08,21.14,57.28,65.18,0,0.4,28.25,110,0
1671,76.49,55.71,49.62,82.82,0,0.4,45.89,111,0
1672,75.11,55.8,49.78,81.56,0,0.4,45.07,112,0
1673,62.51,23.99,57.66,72.69,0,0.4,37.51,113,0
1674,70.56,44.77,36.96,77.08,0,0.4,42.34,114,0
1675,72.4,38.41,57.11,79.09,0,0.4,43.44,115,0
1676,57.9,51.01,45.8,73.08,0,0.7,49.22,116,0
1677,63.33,29.2,34.44,73.45,0,0.7,53.83,117,0
1678,60.14,55.76,58.09,76.16,0,0.7,51.12,118,0
1679,79.32,30.97,36.08,80.48,0,0.4,47.59,119,0
1680,63.54,42.28,49.67,75.3,0,0.4,38.12,0,0
1681,68.65,36.67,52.72,76.65,0,0.4,41.19,1,0
1682,54.88,53.88,54.84,72.59,0,0.4,32.93,2,0
1683,49.65,26.73,59.16,68.21,0,0.4,29.79,3,0
1684,68.12,28.9,37.84,75.46,0,0.4,40.87,4,0
1685,50.52,21.43,51.13,67.42,0,0.4,30.31,5,0
1686,44.1,44.5,32.83,66.45,0,0.4,26.46,6,0
1687,75.63,48.74,32.19,81.16,0,0.4,45.38,7,0
1688,64.03,47.27,59.81,76.0,0,0.4,38.42,8,0
1689,41.58,20.58,33.58,62.75,0,0.4,24.95,9,0
1690,41.27,38.77,57.74,65.13,0,0.4,24.76,10,0
1691,71.36,40.77,55.74,78.76,0,0.4,42.81,11,0
1692,51.21,22.12,53.87,67.78,0,0.4,30.73,12,0
1693,76.06,53.36,46.61,82.12,0,0.4,45.63,13,0
1694,76.62,25.02,42.55,78.8,0,0.4,45.97,14,0
1695,60.76,25.6,45.39,71.65,0,0.4,36.45,15,0
1696,70.51,37.1,48.8,78.33,0,0.4,42.3,16,0
1697,55.52,35.04,49.2,70.94,0,0.4,33.31,17,0
1698,46.82,25.45,48.91,65.66,0,0.4,28.09,18,0
1699,49.08,57.17,51.52,70.9,0,0.4,29.45,19,0
1700,60.85,26.88,39.16,71.67,0,0.4,36.51,20,0
1701,71.54,26.69,30.85,76.66,0,0.4,42.93,21,0
1702,44.75,42.82,57.19,67.85,0,0.4,26.85,22,0
1703,61.68,23.65,50.37,73.09,0,0.4,37.01,23,0
1704,40.74,41.82,51.2,65.66,0,0.4,24.44,24,0
1705,60.5,33.22,55.82,73.29,0,0.4,36.3,25,0
1706,70.92,33.31,54.94,77.54,0,0.4,42.55,26,0
1707,59.02,32.73,38.0,72.67,0,0.4,35.41,27,0
1708,79.37,20.8,50.97,79.85,0,0.4,47.62,28,0
1709,77.41,20.47,47.64,79.27,0,0.4,46.45,29,0
1710,67.26,47.2,50.07,78.38,0,0.7,57.17,30,0
1711,58.84,35.92,39.3,71.94,0,0.7,50.02,31,0
1712,79.17,23.55,57.67,80.83,0,0.7,67.29,32,0
1713,54.42,37.22,42.29,70.07,0,0.7,46.26,33,0
1714,44.36,24.32,42.84,63.73,0,0.7,37.71,34,0
1715,60.89,20.29,39.5,71.76,0,0.4,36.54,35,0
1716,74.96,34.36,31.36,79.43,0,0.4,44.98,36,0
1717,45.12,59.92,37.76,68.63,0,0.4,27.07,37,0
1718,76.33,32.38,59.29,80.11,0,0.4,45.8,38,0
1719,68.37,41.28,44.34,76.56,0,0.4,41.02,39,0
1720,62.11,30.13,58.67,72.95,0,0.4,37.27,40,0
1721,56.56,29.31,44.74,71.37,0,0.4,33.94,41,0
1722,43.56,47.76,34.99,66.7,0,0.4,26.14,42,0
1723,54.02,54.35,33.8,71.56,0,0.4,32.41,43,0
1724,76.2,37.38,44.64,81.12,0,0.4,45.72,44,0
1725,63.13,47.57,33.21,75.47,0,0.4,37.88,45,0
1726,71.45,35.08,33.01,77.58,0,0.4,42.87,46,0
1727,78.31,54.71,30.06,81.97,0,0.4,46.98,47,0
1728,64.06,44.25,40.95,76.11,0,0.4,38.44,48,0
1729,79.9,39.74,35.35,81.72,0,0.4,47.94,49,0
1730,71.54,48.32,37.63,79.63,0,0.4,42.93,50,0
1731,45.22,59.02,56.05,69.84,0,0.4,27.13,51,0
1732,65.86,41.81,31.54,75.88,0,0.4,39.51,52,0
1733,60.11,39.67,35.15,72.33,0,0.4,36.06,53,0
1734,78.92,26.12,38.08,80.21,0,0.4,47.35,54,0
1735,71.75,51.41,37.12,78.86,0,0.4,43.05,55,0
1736,67.91,23.29,42.55,75.14,0,0.4,40.75,56,0
1737,64.04,33.1,53.43,75.48,0,0.4,38.42,57,0
1738,44.14,53.51,34.58,66.11,0,0.4,26.49,58,0
1739,76.32,34.53,38.61,79.73,0,0.4,45.79,59,0
1740,67.75,50.38,55.59,79.25,0,0.4,40.65,60,0
1741,55.77,47.08,44.28,73.01,0,0.4,33.46,61,0
1742,73.4,56.12,54.43,81.28,0,0.4,44.04,62,0
1743,40.81,40.96,45.15,64.77,0,0.4,24.49,63,0
1744,46.47,34.76,42.72,66.24,0,0.4,27.88,64,0
1745,62.88,54.12,54.18,75.68,0,0.4,37.73,65,0
1746,51.79,22.0,44.62,67.45,0,0.4,31.07,66,0
1747,70.78,29.79,31.48,77.1,0,0.4,42.47,67,0
1748,65.1,32.87,37.39,73.47,0,0.4,39.06,68,0
1749,64.49,26.66,45.86,74.16,0,0.7,54.81,69,0
1750,41.49,21.05,52.17,63.02,0,0.7,35.27,70,0
1751,58.12,40.52,51.39,72.32,0,0.7,49.4,71,0
1752,53.08,37.7,49.41,70.11,0,0.7,45.12,72,0
1753,69.59,48.24,46.03,78.8,0,0.7,59.15,73,0
1754,56.51,50.57,47.48,72.0,0,1.0,56.51,74,0
1755,69.94,50.35,58.59,78.54,0,1.0,69.94,75,0
1756,53.23,23.61,46.88,68.61,0,1.0,53.23,76,0
1757,69.52,50.69,57.16,79.03,0,1.0,69.52,77,0
1758,51.86,26.37,43.06,67.93,0,1.0,51.86,78,0
1759,70.0,40.4,33.14,77.91,0,1.0,70.0,79,0
1760,44.71,58.33,32.73,67.05,0,1.0,44.71,80,0
1761,74.01,37.36,57.86,80.12,0,1.0,74.01,81,0
1762,51.87,34.17,57.18,70.42,0,1.0,51.87,82,0
1763,45.09,52.95,42.3,68.68,0,1.0,45.09,83,0
1764,61.19,32.87,32.25,73.23,0,1.0,61.19,84,0
1765,71.07,45.03,42.27,78.11,0,1.0,71.07,85,0
1766,61.91,44.38,32.73,73.88,0,1.0,61.91,86,0
1767,66.45,56.45,42.11,77.07,0,1.0,66.45,87,0
1768,69.93,54.75,46.1,79.75,0,1.0,69.93,88,0
1769,55.58,40.45,57.87,72.7,0,1.0,55.58,89,0
1770,54.31,31.63,48.44,70.83,0,1.0,54.31,90,0
1771,73.53,41.01,36.25,79.05,0,1.0,73.53,91,0
1772,48.8,34.73,40.92,68.4,0,1.0,48.8,92,0
1773,70.03,30.62,47.16,77.72,0,1.0,70.03,93,0
1774,48.58,22.97,56.74,67.69,0,1.0,48.58,94,0
1775,77.47,53.08,55.33,83.07,0,1.0,77.47,95,0
1776,57.28,41.55,43.38,72.23,0,1.0,57.28,96,0
1777,75.28,37.78,47.67,79.32,1,1.0,75.28,97,0
1778,68.18,23.97,57.27,75.37,0,1.0,68.18,98,0
1779,40.56,50.87,56.25,66.38,0,1.0,40.56,99,0
1780,59.04,58.17,37.42,74.72,0,1.0,59.04,100,0
1781,58.24,22.85,53.96,70.68,0,1.0,58.24,101,0
1782,78.2,27.72,56.48,81.41,0,1.0,78.2,102,0
1783,69.1,34.83,35.53,76.24,0,0.7,58.73,103,0
1784,43.85,43.57,48.79,66.61,0,0.7,37.27,104,0
1785,62.2,31.49,58.21,74.57,0,1.0,62.2,105,0
1786,51.41,27.82,30.33,66.92,0,1.0,51.41,106,0
1787,60.36,55.51,50.81,75.04,0,1.0,60.36,107,0
1788,47.08,45.36,40.92,68.47,0,1.0,47.08,108,0
1789,54.57,28.4,53.28,70.03,0,1.0,54.57,109,0
1790,46.62,51.09,36.87,67.98,0,1.0,46.62,110,0
1791,75.09,54.71,43.53,80.47,0,1.0,75.09,111,0
1792,62.31,46.05,34.62,74.67,0,1.0,62.31,112,0
1793,53.56,48.4,31.44,70.33,0,1.0,53.56,113,0
1794,71.81,45.23,47.63,78.93,0,1.0,71.81,114,0
1795,58.9,47.93,43.01,72.85,0,1.0,58.9,115,0
1796,52.04,49.96,53.82,70.51,0,1.0,52.04,116,0
1797,76.68,48.27,51.67,81.09,0,1.0,76.68,117,0
1798,68.65,33.78,53.6,76.63,0,1.0,68.65,118,0
1799,46.93,33.64,42.25,66.29,0,1.0,46.93,119,0
1800,54.05,53.49,32.0,72.16,0,1.0,54.05,0,0
1801,51.65,34.9,53.29,69.59,0,1.0,51.65,1,0
1802,44.72,53.33,51.17,68.17,0,1.0,44.72,2,0
1803,48.07,37.19,44.82,66.7,0,1.0,48.07,3,0
1804,67.9,40.25,30.77,76.97,0,1.0,67.9,4,0
1805,49.16,24.86,40.9,66.16,0,1.0,49.16,5,0
1806,63.0,55.6,49.53,76.34,0,1.0,63.0,6,0
1807,74.75,31.66,33.86,79.21,0,1.0,74.75,7,0
1808,77.51,22.15,45.03,79.1,0,1.0,77.51,8,0
1809,51.22,42.27,51.26,69.11,0,1.0,51.22,9,0
1810,77.98,33.58,33.24,80.13,0,1.0,77.98,10,0
1811,41.55,50.14,45.75,65.74,0,1.0,41.55,11,0
1812,63.41,31.24,57.31,74.13,0,1.0,63.41,12,0
1813,44.01,57.29,41.24,66.76,0,1.0,44.01,13,0
1814,60.55,47.78,31.66,73.18,0,1.0,60.55,14,0
1815,74.22,23.68,55.03,78.24,0,1.0,74.22,15,0
1816,42.65,28.64,33.84,63.37,0,1.0,42.65,16,0
1817,71.59,46.25,48.26,79.08,0,1.0,71.59,17,0
1818,73.69,29.2,30.17,77.89,0,1.0,73.69,18,0
1819,74.36,23.07,33.19,77.42,0,1.0,74.36,19,0
1820,95.75,77.85,78.12,93.83,0,1.0,95.75,20,1
1821,97.52,72.61,84.43,96.11,0,1.0,97.52,21,1
1822,88.13,83.25,80.83,91.41,0,1.0,88.13,22,1
1823,85.39,60.61,85.56,89.09,0,1.0,85.39,23,1
1824,90.09,80.4,71.45,93.01,0,0.7,76.58,24,1
1825,87.57,83.15,75.59,90.66,0,0.7,74.44,25,1
1826,91.05,81.07,83.93,93.98,0,0.7,77.4,26,1
1827,92.28,70.62,92.29,92.53,0,0.7,78.44,27,1
1828,94.86,65.84,79.77,94.15,0,0.7,80.63,28,1
1829,96.1,73.44,93.44,95.74,0,0.7,81.69,29,1
1830,95.39,77.77,91.97,95.01,0,0.7,81.08,0,1
1831,85.57,61.29,91.75,89.58,0,0.7,72.73,1,1
1832,97.74,74.41,91.76,95.73,0,0.7,83.08,2,1
1833,88.86,76.92,83.33,91.12,0,0.7,75.53,3,1
1834,85.79,88.46,86.04,92.51,0,0.7,72.92,4,1
1835,92.69,80.27,94.01,93.95,0,0.7,78.79,5,1
1836,95.06,87.94,79.95,96.47,0,1.0,95.06,6,1
1837,98.6,74.53,81.51,96.03,0,1.0,98.6,7,1
1838,97.47,60.46,76.82,92.75,0,1.0,97.47,8,1
1839,96.98,88.36,85.21,96.25,0,1.0,96.98,9,1
1840,93.62,80.87,93.11,95.29,0,1.0,93.62,10,1
1841,85.6,71.59,80.16,89.02,1,1.0,85.6,11,1
1842,94.82,84.07,94.71,95.5,0,1.0,94.82,12,1
1843,87.51,81.53,88.87,91.15,0,1.0,87.51,13,1
1844,85.5,62.73,71.23,87.98,0,1.0,85.5,14,1
1845,89.02,87.35,79.21,91.84,0,1.0,89.02,15,1
1846,91.12,68.22,73.28,92.13,0,1.0,91.12,16,1
1847,90.72,78.54,87.96,92.86,0,1.0,90.72,17,1
1848,91.76,79.4,93.82,94.51,0,1.0,91.76,18,1
1849,92.06,69.44,87.5,93.4,0,0.7,78.25,19,1
1850,89.09,86.25,89.17,92.9,0,0.7,75.72,20,1
1851,96.84,75.97,77.31,95.35,0,0.7,82.31,21,1
1852,85.46,73.01,84.24,90.72,0,0.7,72.64,22,1
1853,96.31,73.18,88.65,94.5,0,0.7,81.86,23,1
1854,85.27,81.67,90.89,90.88,0,0.7,72.48,24,1
1855,96.63,68.64,78.1,94.61,0,0.7,82.14,25,1
1856,89.65,87.0,87.2,94.37,0,0.7,76.2,26,1
1857,88.24,83.14,70.51,91.89,0,0.7,75.01,27,1
1858,97.94,85.63,70.56,96.38,0,0.7,83.25,28,1
1859,97.48,69.3,93.58,94.83,0,0.7,82.86,29,1
1860,88.78,69.74,90.87,91.99,0,0.7,75.47,0,1
1861,85.93,66.26,82.15,88.57,0,0.7,73.04,1,1
1862,99.15,80.8,93.51,97.48,0,0.4,59.49,2,1
1863,94.63,60.92,88.1,93.89,0,0.4,56.78,3,1
1864,95.07,89.71,72.27,95.7,0,0.4,57.04,4,1
1865,94.11,64.6,75.17,92.81,0,0.4,56.47,5,1
1866,97.53,69.81,82.2,95.86,0,0.4,58.52,6,1
1867,94.1,82.66,92.54,96.07,0,0.4,56.46,7,1
1868,85.37,71.51,73.54,89.67,0,0.7,72.57,8,1
1869,97.55,67.46,80.81,95.02,0,0.7,82.92,9,1
1870,85.98,72.04,89.12,91.18,0,0.7,73.09,10,1
1871,95.54,88.28,76.68,95.54,0,0.7,81.21,11,1
1872,86.66,78.83,74.67,90.63,0,0.7,73.66,12,1
1873,91.94,68.38,75.77,92.75,0,0.7,78.15,13,1
1874,87.81,83.2,81.86,91.63,0,0.7,74.64,14,1
1875,93.31,81.54,92.43,95.57,0,0.4,55.98,15,1
1876,85.37,71.31,92.39,89.72,0,0.4,51.22,16,1
1877,94.18,73.15,88.17,94.9,0,0.4,56.51,17,1
1878,98.99,67.93,73.75,94.21,0,0.4,59.39,18,1
1879,87.08,69.0,77.04,90.15,0,0.4,52.25,19,1
1880,88.94,67.36,94.14,90.48,0,0.4,53.36,20,1
1881,99.21,70.27,81.01,96.14,0,0.4,59.53,21,1
1882,93.31,81.92,71.06,92.76,0,0.4,55.98,22,1
1883,94.97,66.42,80.82,92.81,0,0.4,56.98,23,1
1884,85.35,61.53,93.86,88.54,0,0.4,51.21,24,1
1885,86.62,75.27,81.62,91.49,0,0.4,51.97,25,1
1886,94.03,73.65,78.9,94.52,0,0.4,56.42,26,1
1887,88.48,61.4,93.63,90.26,0,0.4,53.09,27,1
1888,97.55,60.83,90.85,93.81,0,0.4,58.53,28,1
1889,87.47,76.97,77.82,90.31,0,0.4,52.48,29,1
1890,90.98,65.1,79.58,92.17,0,0.4,54.59,0,1
1891,99.19,64.35,74.43,95.52,0,0.7,84.32,1,1
1892,89.11,77.93,89.98,91.66,0,0.7,75.74,2,1
1893,96.27,77.69,89.23,95.41,0,0.7,81.83,3,1
1894,88.66,81.87,80.49,93.07,0,0.7,75.36,4,1
1895,98.99,67.26,89.96,95.64,0,0.7,84.15,5,1
1896,96.16,74.01,75.7,93.86,0,0.7,81.74,6,1
1897,94.08,80.66,77.06,94.22,0,0.7,79.96,7,1
1898,99.85,72.21,70.27,95.01,0,0.7,84.87,8,1
1899,96.82,67.62,89.09,95.16,0,0.7,82.3,9,1
1900,87.21,73.58,92.03,91.05,0,0.7,74.13,10,1
1901,87.88,77.43,82.65,91.22,0,0.7,74.7,11,1
1902,86.09,62.96,80.4,88.67,0,0.7,73.18,12,1
1903,96.37,75.91,87.6,94.86,0,0.7,81.91,13,1
1904,97.47,70.95,72.51,94.93,1,0.7,82.85,14,1
1905,87.89,78.82,94.49,92.09,0,0.7,74.71,15,1
1906,92.44,87.91,92.25,95.57,0,0.7,78.57,16,1
1907,88.36,73.32,82.11,91.86,0,0.7,75.1,17,1
1908,85.27,85.85,74.36,90.92,1,0.7,72.48,18,1
1909,99.79,63.02,80.59,94.85,0,0.7,84.82,19,1
1910,88.57,62.44,85.68,90.05,0,1.0,88.57,20,1
1911,87.0,80.59,75.31,91.69,0,1.0,87.0,21,1
1912,99.98,72.99,87.57,96.03,0,1.0,99.98,22,1
1913,89.72,84.87,85.09,92.89,0,1.0,89.72,23,1
1914,87.48,72.08,78.59,90.31,0,1.0,87.48,24,1
1915,99.1,68.81,80.39,96.07,0,1.0,99.1,25,1
1916,85.8,71.96,76.77,90.64,0,1.0,85.8,26,1
1917,95.14,70.23,83.59,94.7,0,1.0,95.14,27,1
1918,90.09,70.06,71.05,91.3,0,1.0,90.09,28,1
1919,96.1,78.83,79.39,94.38,0,1.0,96.1,29,1
1920,95.29,60.54,75.41,91.84,0,1.0,95.29,0,1
1921,86.66,85.15,83.89,92.09,0,1.0,86.66,1,1
1922,98.52,63.78,79.82,95.41,0,1.0,98.52,2,1
1923,93.91,81.24,90.82,94.17,0,1.0,93.91,3,1
1924,91.76,72.72,82.73,93.59,0,1.0,91.76,4,1
1925,87.7,81.72,90.31,92.51,0,1.0,87.7,5,1
1926,97.91,84.65,73.06,96.88,0,1.0,97.91,6,1
1927,98.05,72.96,90.21,95.45,1,1.0,98.05,7,1
1928,86.5,82.63,76.9,90.92,1,1.0,86.5,8,1
1929,96.72,64.55,86.18,95.12,0,1.0,96.72,9,1
1930,86.63,67.52,92.36,90.79,0,1.0,86.63,10,1
1931,91.21,61.34,89.61,92.02,0,1.0,91.21,11,1
1932,90.04,68.83,91.82,92.59,0,1.0,90.04,12,1
1933,88.23,79.69,79.63,92.32,0,1.0,88.23,13,1
1934,90.66,83.66,78.79,92.44,1,1.0,90.66,14,1
1935,98.55,67.17,75.16,95.76,1,1.0,98.55,15,1
1936,89.82,61.12,92.95,90.46,0,1.0,89.82,16,1
1937,85.98,61.5,72.89,87.63,0,1.0,85.98,17,1
1938,90.14,72.55,93.22,93.3,0,1.0,90.14,18,1
1939,89.79,71.43,85.34,92.07,0,1.0,89.79,19,1
1940,99.79,84.63,80.87,97.87,0,1.0,99.79,20,1
1941,90.29,72.09,70.41,91.99,0,1.0,90.29,21,1
1942,86.11,65.25,92.24,90.1,0,0.7,73.19,22,1
1943,90.58,68.96,91.46,93.23,0,0.7,76.99,23,1
1944,96.73,70.66,84.36,95.48,0,1.0,96.73,24,1
1945,90.05,64.33,75.82,91.56,0,1.0,90.05,25,1
1946,89.64,78.51,83.35,91.79,0,1.0,89.64,26,1
1947,92.54,68.14,93.69,93.07,0,1.0,92.54,27,1
1948,89.93,79.6,76.99,92.42,0,1.0,89.93,28,1
1949,88.92,70.05,81.61,91.95,0,1.0,88.92,29,1
1950,86.98,74.87,72.67,89.95,0,1.0,86.98,0,1
1951,99.24,89.9,79.38,97.82,0,1.0,99.24,1,1
1952,95.34,72.27,75.15,93.69,0,1.0,95.34,2,1
1953,88.79,69.34,73.03,91.27,0,1.0,88.79,3,1
1954,93.54,72.31,74.81,93.56,0,1.0,93.54,4,1
1955,95.65,66.27,77.67,93.5,0,1.0,95.65,5,1
1956,94.35,79.33,87.85,94.37,0,1.0,94.35,6,1
1957,89.61,89.55,90.35,93.13,1,1.0,89.61,7,1
1958,88.66,63.43,83.33,91.12,0,1.0,88.66,8,1
1959,90.99,75.24,90.26,93.66,0,1.0,90.99,9,1
1960,95.41,63.35,84.13,92.98,0,1.0,95.41,10,1
1961,88.85,61.57,70.26,88.7,1,1.0,88.85,11,1
1962,88.59,66.64,94.67,90.88,1,1.0,88.59,12,1
1963,97.87,80.34,77.4,96.07,0,1.0,97.87,13,1
1964,95.0,86.12,91.75,96.11,0,1.0,95.0,14,1
1965,97.27,60.17,94.8,93.9,0,1.0,97.27,15,1
1966,88.38,74.3,73.31,90.66,0,1.0,88.38,16,1
1967,90.6,89.8,94.87,93.72,0,1.0,90.6,17,1
1968,85.45,63.16,94.14,90.36,0,1.0,85.45,18,1
1969,88.61,75.47,84.24,91.08,0,1.0,88.61,19,1
1970,98.83,79.7,80.91,97.07,0,1.0,98.83,20,1
1971,90.1,88.08,74.12,92.14,0,1.0,90.1,21,1
1972,96.58,87.59,83.33,95.58,0,1.0,96.58,22,1
1973,86.4,65.18,70.31,89.1,0,1.0,86.4,23,1
1974,99.73,61.89,92.58,96.32,0,1.0,99.73,24,1
1975,89.32,86.68,92.02,93.98,0,1.0,89.32,25,1
1976,92.98,70.7,89.81,93.92,0,1.0,92.98,26,1
1977,97.14,88.15,89.73,96.27,0,1.0,97.14,27,1
1978,94.43,78.89,94.67,94.91,0,1.0,94.43,28,1
1979,97.38,88.1,90.08,96.99,0,1.0,97.38,29,1
1980,92.36,66.5,74.24,90.92,0,1.0,92.36,0,1
1981,88.66,68.94,84.01,90.79,0,1.0,88.66,1,1
1982,86.86,74.98,78.42,90.1,0,1.0,86.86,2,1
1983,95.38,63.65,71.63,93.82,0,1.0,95.38,3,1
1984,95.53,82.69,89.5,95.69,0,1.0,95.53,4,1
1985,98.9,78.1,75.08,96.91,0,0.7,84.06,5,1
1986,98.11,89.93,76.12,97.63,0,0.7,83.39,6,1
1987,86.48,89.38,77.4,92.46,1,1.0,86.48,7,1
1988,91.99,67.16,87.25,92.6,1,1.0,91.99,8,1
1989,90.82,65.57,89.81,91.75,1,1.0,90.82,9,1
1990,86.36,63.87,75.99,89.77,0,1.0,86.36,10,1
1991,90.01,68.17,83.73,91.95,0,1.0,90.01,11,1
1992,85.74,80.83,90.81,91.9,0,1.0,85.74,12,1
1993,92.67,87.41,94.2,95.84,0,1.0,92.67,13,1
1994,93.22,73.59,91.94,93.11,0,1.0,93.22,14,1
1995,86.42,69.62,79.68,90.08,0,1.0,86.42,15,1
1996,91.71,87.51,81.7,93.66,0,1.0,91.71,16,1
1997,92.98,63.21,79.79,92.33,0,1.0,92.98,17,1
1998,96.62,88.4,72.51,95.26,0,1.0,96.62,18,1
1999,99.66,60.14,91.84,95.07,0,1.0,99.66,19,1
