Minute,Network_State,Network_Impact_Factor,Nominal_GPU_Util,Effective_Throughput
0,1.0,1.0,90.61810178271044,90.61810178271044
1,1.0,1.0,99.26071459614874,99.26071459614874
2,1.0,1.0,95.97990912717108,95.97990912717108
3,1.0,1.0,93.97987726295555,93.97987726295555
4,1.0,1.0,87.34027960663654,87.34027960663654
5,1.0,1.0,87.33991780504304,87.33991780504304
6,1.0,1.0,85.87125418252299,85.87125418252299
7,1.0,1.0,97.99264218662402,97.99264218662402
8,1.0,1.0,94.01672517614813,94.01672517614813
9,1.0,1.0,95.62108866694068,95.62108866694068
10,1.0,1.0,85.30876741443704,85.30876741443704
11,0.7,0.85,99.54864778242991,84.61635061506541
12,0.7,0.85,97.48663961200633,82.86364367020538
13,1.0,1.0,88.18508666017414,88.18508666017414
14,1.0,1.0,87.72737450810651,87.72737450810651
15,1.0,1.0,87.7510676478015,87.7510676478015
16,1.0,1.0,89.56363364439306,89.56363364439306
17,1.0,1.0,92.87134647448357,92.87134647448357
18,1.0,1.0,91.47917527963173,91.47917527963173
19,1.0,1.0,89.36843710297063,89.36843710297063
20,1.0,1.0,94.1777934208357,94.1777934208357
21,1.0,1.0,87.09240790978063,87.09240790978063
22,1.0,1.0,89.38216972802827,89.38216972802827
23,1.0,1.0,90.49542764940537,90.49542764940537
24,1.0,1.0,91.84104976325554,91.84104976325554
25,1.0,1.0,96.7776394208952,96.7776394208952
26,1.0,1.0,87.99510673237539,87.99510673237539
27,1.0,1.0,92.71351657620417,92.71351657620417
28,1.0,1.0,93.88621853293064,93.88621853293064
29,1.0,1.0,85.69675619079996,85.69675619079996
30,1.0,1.0,94.11317277852157,94.11317277852157
31,1.0,1.0,87.55786185530937,87.55786185530937
32,1.0,1.0,85.9757738947792,85.9757738947792
33,1.0,1.0,99.2332830588,99.2332830588
34,1.0,1.0,99.4844804961184,99.4844804961184
35,1.0,1.0,97.12596022174692,97.12596022174692
36,1.0,1.0,89.56920653760056,89.56920653760056
37,1.0,1.0,86.46508171009576,86.46508171009576
38,1.0,1.0,95.26349539768235,95.26349539768235
39,1.0,1.0,91.60228740609402,91.60228740609402
40,1.0,1.0,86.83057352267168,86.83057352267168
41,1.0,1.0,92.42765365166905,92.42765365166905
42,1.0,1.0,85.51582781672828,85.51582781672828
43,1.0,1.0,98.63980603118173,98.63980603118173
44,1.0,1.0,88.88169972400026,88.88169972400026
45,1.0,1.0,94.93783426530973,94.93783426530973
46,1.0,1.0,89.67566614134117,89.67566614134117
47,1.0,1.0,92.80102031766717,92.80102031766717
48,1.0,1.0,93.2006541901492,93.2006541901492
49,1.0,1.0,87.77281683288291,87.77281683288291
50,1.0,1.0,99.54376941646838,99.54376941646838
51,1.0,1.0,96.62699235041671,96.62699235041671
52,1.0,1.0,99.09248412346284,99.09248412346284
53,1.0,1.0,98.42241025641474,98.42241025641474
54,0.7,0.85,93.96849968216628,79.87322472984134
55,0.7,0.85,98.82811352534675,84.00389649654474
56,0.7,0.85,86.3273875307788,73.37827940116198
57,0.7,0.85,87.93974293628717,74.7487814958441
58,0.7,0.85,85.67840933365807,72.82664793360935
59,0.7,0.85,89.87995496144896,76.39796171723161
60,0.7,0.85,90.83015934534222,77.20563544354088
61,0.4,0.6,89.07023547660845,53.442141285965064
62,0.4,0.6,97.43106263727894,58.45863758236736
63,0.4,0.6,90.35129990040384,54.210779940242304
64,0.4,0.6,89.21401764531072,53.52841058718643
65,0.4,0.6,93.14044124737373,55.884264748424236
66,0.4,0.6,87.11386337462145,52.26831802477287
67,0.4,0.6,97.0329547113106,58.219772826786354
68,0.4,0.6,86.11825965519657,51.67095579311794
69,0.4,0.6,99.80330404900776,59.88198242940466
70,0.4,0.6,96.58367153944987,57.95020292366992
71,0.4,0.6,87.98073522301259,52.78844113380755
72,0.7,0.85,85.08283175685403,72.32040699332593
73,1.0,1.0,97.23192142682251,97.23192142682251
74,0.7,0.85,95.60286015771426,81.26243113405712
75,0.7,0.85,95.9351075206148,81.54484139252259
76,0.7,0.85,96.56905520028918,82.0836969202458
77,0.7,0.85,86.11066977601135,73.19406930960965
78,0.7,0.85,90.37698592816409,76.82043803893947
79,0.7,0.85,86.73803589287695,73.7273305089454
80,0.7,0.85,97.9465513881339,83.25456867991382
81,0.7,0.85,94.34947190241337,80.19705111705136
82,0.7,0.85,89.96347037278974,76.46894981687127
83,0.7,0.85,85.95337525429035,73.0603689661468
84,0.7,0.85,89.66473482573494,76.2150246018747
85,0.7,0.85,89.8777498304012,76.39608735584102
86,0.7,0.85,95.94409267507096,81.55247877381032
87,0.7,0.85,94.5633620703282,80.37885775977897
88,0.4,0.6,98.3081911386449,58.984914683186936
89,0.4,0.6,92.08322387742923,55.24993432645754
90,0.4,0.6,86.79391368907453,52.07634821344472
91,0.4,0.6,95.69867180834493,57.419203085006956
92,0.4,0.6,96.41177572925346,57.847065437552075
93,0.4,0.6,93.41915796354245,56.051494778125466
94,0.4,0.6,96.56450769931841,57.93870461959104
95,0.4,0.6,92.40693394546587,55.444160367279515
96,0.4,0.6,92.8409924407299,55.70459546443794
97,0.4,0.6,91.41311527537825,54.847869165226946
98,0.4,0.6,85.38128690116143,51.228772140696854
99,0.4,0.6,86.61837140489956,51.97102284293974
100,0.4,0.6,85.47143778530102,51.28286267118061
101,0.4,0.6,94.54615616895671,56.72769370137403
102,0.4,0.6,89.7153397161449,53.82920382968694
103,0.4,0.6,92.62856036747054,55.57713622048232
104,0.4,0.6,98.6134971088914,59.168098265334834
105,0.4,0.6,88.73938343723313,53.243630062339875
106,0.4,0.6,91.15574384553445,54.69344630732066
107,0.4,0.6,96.33326707814572,57.79996024688743
108,0.4,0.6,88.43197248237433,53.0591834894246
109,0.4,0.6,86.1546986474319,51.69281918845914
110,0.4,0.6,89.34627179370652,53.60776307622391
111,0.4,0.6,87.41831930881007,52.45099158528604
112,0.4,0.6,98.9454647851386,59.36727887108316
113,0.4,0.6,97.12180569346626,58.27308341607975
114,0.4,0.6,94.50105634765634,56.70063380859381
115,0.4,0.6,98.07190885281577,58.843145311689455
116,0.4,0.6,97.05508115348671,58.23304869209203
117,0.4,0.6,87.79855088329053,52.679130529974316
118,0.4,0.6,98.38838497734966,59.03303098640979
119,0.4,0.6,93.09013362873476,55.85408017724085
120,0.4,0.6,97.11160232746094,58.26696139647656
121,0.4,0.6,98.4413694988524,59.06482169931144
122,0.4,0.6,89.77005212457796,53.862031274746776
123,0.4,0.6,86.65077886791515,51.99046732074909
124,0.4,0.6,88.41902743812912,53.05141646287747
125,0.4,0.6,91.40661682939384,54.8439700976363
126,0.4,0.6,97.2702214888374,58.36213289330243
127,0.4,0.6,97.91095874884515,58.746575249307085
128,0.4,0.6,85.10428195796786,51.06256917478071
129,0.4,0.6,92.66120953866348,55.59672572319809
130,0.4,0.6,91.26116504723169,54.75669902833901
131,0.4,0.6,88.33161715706095,52.998970294236564
132,0.4,0.6,86.79798051000525,52.07878830600315
133,0.4,0.6,90.06422757105442,54.03853654263265
134,0.4,0.6,99.14364555868778,59.48618733521266
135,0.4,0.6,89.84804398031133,53.908826388186796
136,0.4,0.6,92.7818593261505,55.66911559569029
137,0.4,0.6,95.54528438342767,57.3271706300566
138,0.4,0.6,90.4544440356894,54.27266642141364
139,0.4,0.6,99.57673124081441,59.746038744488644
140,0.4,0.6,99.43670942413166,59.662025654478995
141,0.4,0.6,88.77673443738047,53.26604066242828
142,0.4,0.6,92.45872758838578,55.47523655303147
143,0.4,0.6,89.51317464725155,53.70790478835092
144,0.4,0.6,89.27260741566201,53.563564449397205
145,0.4,0.6,85.55330421031799,51.33198252619079
146,0.4,0.6,94.14346500969845,56.486079005819064
147,0.4,0.6,92.54018534843293,55.524111209059754
148,0.4,0.6,85.77218126874985,51.463308761249905
149,0.4,0.6,89.17969696354918,53.507818178129504
150,0.4,0.6,98.6239882894998,59.17439297369988
151,0.4,0.6,88.59342836000458,53.15605701600275
152,0.4,0.6,87.17342308136834,52.304053848821006
153,0.4,0.6,92.34179140416344,55.40507484249807
154,0.4,0.6,99.78475681165901,59.8708540869954
155,0.4,0.6,88.63082907267251,53.178497443603504
156,0.4,0.6,95.08203321108817,57.0492199266529
157,0.4,0.6,96.42429422993077,57.85457653795846
158,0.4,0.6,88.56456315988599,53.13873789593159
159,0.7,0.85,95.9232452291779,81.53475844480121
160,0.7,0.85,90.5167469907888,76.93923494217049
161,0.7,0.85,94.48458745890369,80.31189934006814
162,0.7,0.85,94.50294566141342,80.3275038122014
163,0.7,0.85,93.03662026112139,79.08112722195318
164,0.7,0.85,86.35434655081612,73.4011945681937
165,0.7,0.85,97.52953743383857,82.90010681876278
166,0.7,0.85,89.81170097457604,76.33994582838963
167,0.7,0.85,87.79777765599782,74.62811100759815
168,1.0,1.0,85.61162712332145,85.61162712332145
169,1.0,1.0,93.86339414782363,93.86339414782363
170,1.0,1.0,95.16346542763424,95.16346542763424
171,0.7,0.85,85.24881743391784,72.46149481883016
172,0.7,0.85,92.68139587448921,78.77918649331583
173,0.7,0.85,88.39743662796907,75.13782113377371
174,0.7,0.85,94.67759185614175,80.47595307772048
175,0.7,0.85,87.61549643507487,74.47317196981363
176,0.7,0.85,95.364066071537,81.05945616080645
177,0.7,0.85,90.80103019450806,77.18087566533185
178,0.7,0.85,99.05094983105101,84.19330735639336
179,0.7,0.85,87.0628141621899,74.0033920378614
180,0.4,0.6,90.11599526575388,54.06959715945233
181,0.4,0.6,86.70210281860884,52.0212616911653
182,0.4,0.6,98.87040427417844,59.322242564507064
183,0.4,0.6,98.16009030071471,58.89605418042883
184,0.4,0.6,88.86912441572733,53.3214746494364
185,0.4,0.6,94.8997606905127,56.93985641430761
186,0.4,0.6,97.25833300301824,58.35499980181094
187,0.4,0.6,93.32801217399194,55.99680730439516
188,0.4,0.6,92.9447586753401,55.76685520520406
189,0.4,0.6,88.62778436350678,53.17667061810406
190,0.4,0.6,86.3965415170885,51.83792491025309
191,0.4,0.6,98.4582363692999,59.074941821579934
192,0.4,0.6,98.50627085744996,59.10376251446998
193,0.4,0.6,94.49652185909902,56.69791311545941
194,0.7,0.85,90.08544686573052,76.57262983587094
195,0.7,0.85,90.23814361918991,76.70242207631142
196,0.4,0.6,95.88933518305359,57.533601109832155
197,0.4,0.6,98.45665389928865,59.07399233957319
198,0.4,0.6,98.30629636397676,58.98377781838605
199,0.4,0.6,96.69813318786436,58.01887991271861
200,0.4,0.6,94.63047469231432,56.778284815388595
201,0.7,0.85,86.26209947492573,73.32278455368687
202,1.0,1.0,87.4244307114192,87.4244307114192
203,1.0,1.0,98.4783128279062,98.4783128279062
204,1.0,1.0,94.09643589489384,94.09643589489384
205,1.0,1.0,85.13795577424945,85.13795577424945
206,1.0,1.0,86.52207314299048,86.52207314299048
207,1.0,1.0,94.95252653662084,94.95252653662084
208,1.0,1.0,85.07592375769327,85.07592375769327
209,0.7,0.85,87.41212077126248,74.3003026555731
210,0.7,0.85,93.2310068404988,79.24635581442398
211,0.7,0.85,95.3784279653904,81.07166377058184
212,0.7,0.85,94.77941889253901,80.56250605865816
213,0.7,0.85,88.36403964190839,75.10943369562213
214,0.7,0.85,95.68268832021303,81.33028507218107
215,0.7,0.85,88.558736312452,75.2749258655842
216,0.7,0.85,89.88099547238902,76.39884615153066
217,0.7,0.85,96.19737107677037,81.76776541525481
218,0.7,0.85,94.74449348570822,80.53281946285199
219,0.7,0.85,97.73835115741267,83.07759848380077
220,0.4,0.6,94.86419338450514,56.91851603070308
221,0.4,0.6,93.52462905003208,56.114777430019245
222,0.4,0.6,86.40512151742139,51.84307291045283
223,0.4,0.6,90.5157370458915,54.309442227534895
224,0.4,0.6,88.97803551522588,53.38682130913553
225,0.4,0.6,88.65984465068625,53.19590679041175
226,0.4,0.6,99.59515832128669,59.75709499277201
227,0.4,0.6,90.8964658700014,54.53787952200084
228,0.4,0.6,98.3806983276567,59.02841899659402
229,0.4,0.6,94.46707938995894,56.68024763397536
230,0.4,0.6,96.92216955312473,58.15330173187483
231,0.4,0.6,92.53955639657788,55.52373383794673
232,0.4,0.6,93.65355826939539,56.19213496163723
233,0.7,0.85,92.38776540728296,78.5296005961905
234,0.7,0.85,87.92864481697066,74.73934809442505
235,0.7,0.85,95.83678172892257,81.46126446958418
236,0.7,0.85,89.21158543661284,75.8298476211209
237,0.7,0.85,85.36473949647181,72.56002857200104
238,0.4,0.6,94.68208443860752,56.80925066316451
239,0.4,0.6,87.65666019110573,52.59399611466343
240,0.4,0.6,99.10687876529371,59.46412725917622
241,0.4,0.6,99.30892865503881,59.585357193023285
242,0.4,0.6,98.72296585330673,59.23377951198404
243,0.4,0.6,90.55238050383167,54.331428302299
244,0.4,0.6,85.23184924793301,51.139109548759805
245,0.4,0.6,98.92477843881588,59.354867063289525
246,0.4,0.6,91.42276222475971,54.853657334855825
247,0.7,0.85,99.49982228565504,84.57484894280678
248,0.7,0.85,99.45429965633879,84.53615470788797
249,0.7,0.85,97.7951418320104,83.12587055720884
250,0.7,0.85,89.41673338104378,76.00422337388721
251,0.7,0.85,90.77646592902887,77.15999603967454
252,0.7,0.85,97.76705007275285,83.10199256183992
253,0.7,0.85,89.75383007734416,76.29075556574253
254,0.7,0.85,87.54239120029139,74.41103252024769
255,0.7,0.85,93.35201893687525,79.34921609634397
256,0.7,0.85,99.04232161241171,84.18597337054996
257,0.7,0.85,95.4404469501246,81.1243799076059
258,0.7,0.85,93.55091755134048,79.51827991863941
259,0.7,0.85,86.45764740656153,73.4890002955773
260,0.7,0.85,94.22510840048754,80.09134214041441
261,0.7,0.85,99.85080775156395,84.87318658882936
262,0.7,0.85,87.10126022854786,74.03607119426567
263,0.7,0.85,92.77494478545606,78.85870306763765
264,1.0,1.0,98.16059607891933,98.16059607891933
265,1.0,1.0,96.11152926631307,96.11152926631307
266,1.0,1.0,95.45523611492902,95.45523611492902
267,1.0,1.0,95.53726125980664,95.53726125980664
268,1.0,1.0,90.39236726829633,90.39236726829633
269,1.0,1.0,89.4038776639674,89.4038776639674
270,1.0,1.0,97.1404173321777,97.1404173321777
271,1.0,1.0,97.15170092018771,97.15170092018771
272,1.0,1.0,98.00608477870156,98.00608477870156
273,1.0,1.0,98.69860828834707,98.69860828834707
274,1.0,1.0,92.67013598291406,92.67013598291406
275,1.0,1.0,92.52274442030799,92.52274442030799
276,1.0,1.0,96.97442768450162,96.97442768450162
277,0.7,0.85,94.74945896166648,80.53704011741651
278,0.7,0.85,95.52950315886555,81.20007768503572
279,0.7,0.85,96.93689004154152,82.39635653531029
280,0.7,0.85,98.3500801272635,83.59756810817397
281,0.7,0.85,90.06992735277304,76.55943824985708
282,0.7,0.85,90.63374428959916,77.03868264615929
283,1.0,1.0,86.40972909761304,86.40972909761304
284,1.0,1.0,93.6742021149426,93.6742021149426
285,1.0,1.0,85.53913410695114,85.53913410695114
286,1.0,1.0,91.9839702719869,91.9839702719869
287,1.0,1.0,93.13966952061365,93.13966952061365
288,1.0,1.0,89.29811878192427,89.29811878192427
289,1.0,1.0,93.86249890853516,93.86249890853516
290,1.0,1.0,85.45750374908575,85.45750374908575
291,1.0,1.0,85.56022283123822,85.56022283123822
292,1.0,1.0,97.33900840989487,97.33900840989487
293,1.0,1.0,90.40285962116894,90.40285962116894
294,1.0,1.0,86.90590768977827,86.90590768977827
295,1.0,1.0,92.83364890082207,92.83364890082207
296,1.0,1.0,96.54990329647916,96.54990329647916
297,1.0,1.0,88.23731541245265,88.23731541245265
298,1.0,1.0,94.34335713728501,94.34335713728501
299,1.0,1.0,86.28021197490652,86.28021197490652
300,1.0,1.0,85.77522581752912,85.77522581752912
301,1.0,1.0,92.97031947352222,92.97031947352222
302,1.0,1.0,93.1095268241516,93.1095268241516
303,1.0,1.0,94.5614485224731,94.5614485224731
304,1.0,1.0,95.89137000583992,95.89137000583992
305,1.0,1.0,99.63778119193802,99.63778119193802
306,1.0,1.0,92.74450522451792,92.74450522451792
307,1.0,1.0,89.84434709411869,89.84434709411869
308,1.0,1.0,96.92779292153055,96.92779292153055
309,1.0,1.0,89.06248376893112,89.06248376893112
310,1.0,1.0,91.58457131058454,91.58457131058454
311,1.0,1.0,86.17684572013398,86.17684572013398
312,1.0,1.0,85.38026115123186,85.38026115123186
313,1.0,1.0,99.43972622016888,99.43972622016888
314,1.0,1.0,97.53970180768309,97.53970180768309
315,1.0,1.0,95.43961309140548,95.43961309140548
316,1.0,1.0,91.13429416621405,91.13429416621405
317,1.0,1.0,87.5994148010627,87.5994148010627
318,1.0,1.0,87.34655564006628,87.34655564006628
319,1.0,1.0,88.75364347246892,88.75364347246892
320,1.0,1.0,93.23839997059181,93.23839997059181
321,1.0,1.0,95.71893884050094,95.71893884050094
322,1.0,1.0,94.90296065076598,94.90296065076598
323,1.0,1.0,89.19900845418914,89.19900845418914
324,1.0,1.0,99.32297920994792,99.32297920994792
325,1.0,1.0,96.06845375043653,96.06845375043653
326,1.0,1.0,93.31531078767101,93.31531078767101
327,1.0,1.0,94.17581119351529,94.17581119351529
328,1.0,1.0,91.29400093641685,91.29400093641685
329,1.0,1.0,88.71596484251737,88.71596484251737
330,1.0,1.0,90.33959017976892,90.33959017976892
331,1.0,1.0,96.36769165696553,96.36769165696553
332,1.0,1.0,85.21590232944634,85.21590232944634
333,0.7,0.85,86.74108960760374,73.72992616646317
334,0.4,0.6,85.6900396303263,51.41402377819578
335,0.4,0.6,85.61093203478455,51.366559220870734
336,0.4,0.6,97.8319087601651,58.69914525609906
337,0.4,0.6,95.55486789070035,57.332920734420206
338,0.4,0.6,92.11260743630987,55.26756446178592
339,0.7,0.85,86.46751240976502,73.49738554830027
340,0.7,0.85,92.37423812675249,78.51810240773962
341,0.7,0.85,92.10207656170849,78.28676507745222
342,0.7,0.85,87.59802804865022,74.45832384135268
343,0.7,0.85,91.5077747385696,77.78160852778416
344,0.7,0.85,90.9775710159606,77.33093536356651
345,0.7,0.85,94.23775147078325,80.10208875016576
346,0.7,0.85,94.52640476301465,80.34744404856245
347,0.7,0.85,85.67956014658067,72.82762612459356
348,0.4,0.6,90.61918921939707,54.37151353163824
349,0.7,0.85,94.38789873571355,80.22971392535652
350,0.7,0.85,92.54704387870132,78.66498729689611
351,0.7,0.85,97.84734761782484,83.1702454751511
352,0.7,0.85,94.88040447428418,80.64834380314154
353,0.7,0.85,87.44401640622145,74.32741394528823
354,0.7,0.85,86.05853121100645,73.14975152935548
355,0.7,0.85,94.63628917309474,80.44084579713052
356,0.7,0.85,85.39766965812433,72.58801920940567
357,0.7,0.85,93.78663371910196,79.71863866123667
358,0.7,0.85,99.10345362137437,84.23793557816822
359,0.7,0.85,93.63211266813818,79.58729576791745
360,0.7,0.85,90.82254889309783,77.19916655913316
361,0.7,0.85,94.6493232766353,80.45192478514001
362,0.7,0.85,91.87379335737275,78.09272435376684
363,0.7,0.85,93.18425183973902,79.20661406377816
364,0.7,0.85,99.12197213164788,84.25367631190069
365,0.7,0.85,90.79153956701161,77.17280863195987
366,0.7,0.85,99.41785845735872,84.50517968875491
367,0.7,0.85,98.58025962934096,83.79322068493981
368,0.7,0.85,87.93686702183945,74.74633696856353
369,0.7,0.85,86.04041951312749,73.13435658615836
370,0.4,0.6,86.5116700206614,51.90700201239684
371,0.4,0.6,85.27332738477324,51.16399643086394
372,0.4,0.6,86.41664441133892,51.84998664680335
373,0.4,0.6,95.24510160124535,57.14706096074721
374,0.4,0.6,86.06782972690344,51.64069783614206
375,0.4,0.6,89.78463445440642,53.870780672643846
376,0.4,0.6,97.67312966454182,58.60387779872509
377,0.4,0.6,85.3490790360374,51.209447421622436
378,0.4,0.6,97.21702723883404,58.33021634330042
379,0.4,0.6,89.227821621601,53.536692972960594
380,0.4,0.6,86.77247241432484,52.0634834485949
381,0.4,0.6,95.45105748046225,57.27063448827735
382,0.4,0.6,94.43414270169826,56.66048562101896
383,0.4,0.6,98.1620802029058,58.89724812174347
384,0.4,0.6,96.02606565705828,57.61563939423497
385,0.4,0.6,97.05221395577273,58.23132837346363
386,0.4,0.6,89.2305185885696,53.538311153141755
387,0.4,0.6,87.66159315669584,52.596955894017505
388,0.4,0.6,96.25922127461287,57.75553276476772
389,0.4,0.6,97.10252108900896,58.261512653405376
390,0.4,0.6,99.8575771300101,59.91454627800606
391,0.4,0.6,91.1892651536714,54.713559092202836
392,0.4,0.6,90.58027128689174,54.34816277213505
393,0.4,0.6,96.64619441112995,57.98771664667797
394,0.4,0.6,90.11205310379526,54.067231862277154
395,0.4,0.6,98.96135988405346,59.37681593043207
396,0.4,0.6,97.87619127764518,58.7257147665871
397,0.4,0.6,91.43491041062528,54.860946246375164
398,0.4,0.6,96.26306601687246,57.75783961012347
399,0.4,0.6,96.31814311127023,57.79088586676214
400,0.4,0.6,86.54685803253899,51.928114819523394
401,0.4,0.6,98.5382936001935,59.122976160116096
402,0.7,0.85,92.57878558671786,78.69196774871017
403,0.7,0.85,97.39686199161612,82.7873326928737
404,0.7,0.85,89.80074401545917,76.3306324131403
405,0.7,0.85,98.432848427443,83.66792116332655
406,0.7,0.85,90.83802518101244,77.21232140386057
407,0.7,0.85,85.16256477220448,72.3881800563738
408,0.7,0.85,98.58072964628896,83.79362019934561
409,0.7,0.85,86.369300151792,73.4139051290232
410,0.7,0.85,89.78970456385622,76.32124887927779
411,0.7,0.85,99.25092950576207,84.36329007989777
412,0.7,0.85,99.25910720406334,84.37024112345384
413,0.7,0.85,93.6015683218493,79.5613330735719
414,0.7,0.85,94.47755818254699,80.30592445516494
415,0.7,0.85,91.7266828296748,77.96768040522358
416,1.0,1.0,89.39816157547097,89.39816157547097
417,1.0,1.0,89.92996818054874,89.92996818054874
418,1.0,1.0,95.08777684115557,95.08777684115557
419,1.0,1.0,96.28561794156519,96.28561794156519
420,1.0,1.0,96.87368565588773,96.87368565588773
421,1.0,1.0,96.84427214191831,96.84427214191831
422,1.0,1.0,86.36809154573035,86.36809154573035
423,1.0,1.0,92.41630457053873,92.41630457053873
424,0.7,0.85,85.86338140024966,72.98387419021222
425,0.4,0.6,93.24293323485603,55.94575994091361
426,0.7,0.85,91.62295752060065,77.87951389251054
427,0.4,0.6,98.31556274137449,58.989337644824694
428,0.4,0.6,90.26372518828119,54.15823511296871
429,0.4,0.6,86.75600524641409,52.053603147848456
430,0.4,0.6,87.14487523079254,52.28692513847552
431,0.4,0.6,96.42265947576209,57.85359568545725
432,0.4,0.6,94.27327094974392,56.563962569846346
433,0.4,0.6,86.51684014184185,51.91010408510511
434,0.4,0.6,86.26160209172497,51.75696125503498
435,0.7,0.85,95.5145369718868,81.18735642610378
436,0.7,0.85,86.0914450954629,73.17772833114347
437,0.7,0.85,97.32790088935535,82.72871575595204
438,0.7,0.85,95.59363340734744,81.25458839624532
439,0.7,0.85,86.2202317096285,73.28719695318422
440,0.4,0.6,86.27256571127788,51.76353942676673
441,0.4,0.6,99.79959367751763,59.87975620651058
442,0.4,0.6,90.6140619363418,54.368437161805076
443,0.4,0.6,90.55963220600336,54.33577932360201
444,0.4,0.6,97.19199350886254,58.31519610531752
445,0.4,0.6,99.20872866075788,59.525237196454725
446,0.4,0.6,99.79001595734306,59.87400957440583
447,0.4,0.6,96.30067277888412,57.78040366733047
448,0.4,0.6,90.64389378296374,54.38633626977825
449,0.4,0.6,86.25251075048003,51.75150645028801
450,0.4,0.6,96.65720373891155,57.99432224334693
451,0.4,0.6,93.37606374603708,56.02563824762225
452,0.4,0.6,91.36333013870464,54.81799808322278
453,0.4,0.6,98.59531577642105,59.157189465852625
454,0.7,0.85,86.66796223459227,73.66776789940343
455,0.7,0.85,92.38937656436289,78.53097007970845
456,0.7,0.85,85.17030467151129,72.3947589707846
457,0.7,0.85,92.0299096299119,78.22542318542511
458,0.7,0.85,85.84454913522757,72.96786676494342
459,0.7,0.85,86.78226874402108,73.76492843241792
460,0.7,0.85,86.76289370165658,73.7484596464081
461,0.7,0.85,94.73815453174095,80.5274313519798
462,0.7,0.85,96.19067318898135,81.76207221063414
463,0.7,0.85,93.7505314764574,79.68795175498879
464,0.4,0.6,99.43258822711813,59.65955293627088
465,0.7,0.85,90.62305869285557,77.02959988892722
466,0.4,0.6,89.28568129422791,53.57140877653675
467,0.4,0.6,98.02898692284191,58.81739215370514
468,0.4,0.6,88.35393757779178,53.01236254667507
469,0.4,0.6,99.44833809160917,59.6690028549655
470,0.4,0.6,85.18231712034725,51.10939027220835
471,0.4,0.6,99.54818240061459,59.72890944036875
472,0.4,0.6,85.64739867925864,51.38843920755519
473,0.4,0.6,98.36714670547107,59.02028802328264
474,0.4,0.6,92.9155166362945,55.7493099817767
475,0.4,0.6,99.8944719417895,59.9366831650737
476,0.4,0.6,86.10694847103099,51.66416908261859
477,0.4,0.6,93.30781426601982,55.98468855961189
478,0.4,0.6,99.53953803428648,59.723722820571886
479,0.4,0.6,92.84646766255223,55.707880597531336
480,0.4,0.6,94.44097957202894,56.66458774321736
481,0.4,0.6,95.43623033476926,57.26173820086156
482,0.4,0.6,91.8181159715166,55.09086958290996
483,0.7,0.85,94.41337120126096,80.25136552107182
484,0.7,0.85,93.7647146788465,79.70000747701953
485,0.7,0.85,98.51737015736484,83.7397646337601
486,0.7,0.85,85.68169570512187,72.82944134935359
487,0.7,0.85,89.21444784388345,75.83228066730094
488,0.7,0.85,99.25617226114838,84.36774642197612
489,0.7,0.85,98.35395675836375,83.60086324460919
490,0.7,0.85,91.8348512917857,78.05962359801784
491,0.7,0.85,94.30198896702305,80.15669062196959
492,0.7,0.85,89.16071774471699,75.78661008300944
493,0.7,0.85,87.82181739585641,74.64854478647796
494,0.7,0.85,91.95547607409974,78.16215466298478
495,0.7,0.85,90.3002834203908,76.75524090733218
496,0.7,0.85,93.75484167776308,79.69161542609862
497,0.7,0.85,86.16601955447477,73.24111662130356
498,0.7,0.85,99.6159221149925,84.67353379774362
499,0.7,0.85,99.79316116719404,84.82418699211493
500,0.7,0.85,95.47242571029618,81.15156185375174
501,0.7,0.85,93.04144549516181,79.08522867088753
502,1.0,1.0,89.64291424429491,89.64291424429491
503,1.0,1.0,97.20692529560424,97.20692529560424
504,1.0,1.0,95.2709675883082,95.2709675883082
505,1.0,1.0,87.43925409017336,87.43925409017336
506,1.0,1.0,98.66390776740764,98.66390776740764
507,1.0,1.0,97.33805864384753,97.33805864384753
508,1.0,1.0,99.24699869937886,99.24699869937886
509,1.0,1.0,95.8857926258254,95.8857926258254
510,1.0,1.0,94.20122793903684,94.20122793903684
511,1.0,1.0,91.27364554435928,91.27364554435928
512,1.0,1.0,98.9909272503102,98.9909272503102
513,1.0,1.0,97.99095834250613,97.99095834250613
514,1.0,1.0,85.67828005159284,85.67828005159284
515,1.0,1.0,85.39550461745878,85.39550461745878
516,1.0,1.0,90.64695050317074,90.64695050317074
517,1.0,1.0,97.1582999617275,97.1582999617275
518,1.0,1.0,99.80914193972417,99.80914193972417
519,1.0,1.0,87.25625336655293,87.25625336655293
520,1.0,1.0,93.91196073028203,93.91196073028203
521,1.0,1.0,90.71336284946533,90.71336284946533
522,1.0,1.0,99.54871596721905,99.54871596721905
523,1.0,1.0,97.63178384703563,97.63178384703563
524,1.0,1.0,97.57493057066706,97.57493057066706
525,1.0,1.0,92.03039739692456,92.03039739692456
526,1.0,1.0,91.22229253506498,91.22229253506498
527,1.0,1.0,89.1011060789606,89.1011060789606
528,1.0,1.0,85.84563244976391,85.84563244976391
529,1.0,1.0,97.9708356438258,97.9708356438258
530,1.0,1.0,97.19351513695116,97.19351513695116
531,1.0,1.0,99.99576509929196,99.99576509929196
532,1.0,1.0,99.94955255610859,99.94955255610859
533,1.0,1.0,93.33147558403941,93.33147558403941
534,1.0,1.0,96.53481122770765,96.53481122770765
535,1.0,1.0,99.17148594823642,99.17148594823642
536,1.0,1.0,97.74471086016118,97.74471086016118
537,1.0,1.0,88.71022152614796,88.71022152614796
538,1.0,1.0,91.7581620296514,91.7581620296514
539,1.0,1.0,86.93739122727243,86.93739122727243
540,1.0,1.0,99.31076540888084,99.31076540888084
541,1.0,1.0,94.0926195167632,94.0926195167632
542,1.0,1.0,88.42964208255194,88.42964208255194
543,1.0,1.0,95.07551026608785,95.07551026608785
544,1.0,1.0,94.27192360686844,94.27192360686844
545,1.0,1.0,90.3724407704926,90.3724407704926
546,1.0,1.0,86.70336388299444,86.70336388299444
547,1.0,1.0,95.07359793389199,95.07359793389199
548,1.0,1.0,92.8046155135569,92.8046155135569
549,1.0,1.0,96.58477587603458,96.58477587603458
550,1.0,1.0,92.8024525166799,92.8024525166799
551,1.0,1.0,97.7827225047781,97.7827225047781
552,1.0,1.0,93.27860258161728,93.27860258161728
553,1.0,1.0,93.41406957303079,93.41406957303079
554,1.0,1.0,98.14980403987518,98.14980403987518
555,1.0,1.0,91.05224299318596,91.05224299318596
556,1.0,1.0,87.01022842675961,87.01022842675961
557,1.0,1.0,85.43174014470009,85.43174014470009
558,1.0,1.0,96.32705883510428,96.32705883510428
559,1.0,1.0,94.30464327030197,94.30464327030197
560,1.0,1.0,95.56119652148836,95.56119652148836
561,1.0,1.0,88.19446242263366,88.19446242263366
562,1.0,1.0,87.04557213380154,87.04557213380154
563,1.0,1.0,85.21816998501824,85.21816998501824
564,1.0,1.0,90.25881338209895,90.25881338209895
565,1.0,1.0,93.8487653028195,93.8487653028195
566,1.0,1.0,90.88366067649598,90.88366067649598
567,1.0,1.0,91.56212383035593,91.56212383035593
568,1.0,1.0,98.56238041740623,98.56238041740623
569,1.0,1.0,90.22383200534951,90.22383200534951
570,1.0,1.0,92.70984233739716,92.70984233739716
571,1.0,1.0,96.75479519111715,96.75479519111715
572,1.0,1.0,90.94814173481905,90.94814173481905
573,1.0,1.0,94.3313005034181,94.3313005034181
574,1.0,1.0,97.93545563120118,97.93545563120118
575,1.0,1.0,99.24280935486463,99.24280935486463
576,1.0,1.0,87.20610221393557,87.20610221393557
577,1.0,1.0,98.89881437742241,98.89881437742241
578,1.0,1.0,92.38174439619307,92.38174439619307
579,1.0,1.0,88.87366582448438,88.87366582448438
580,1.0,1.0,91.88703634357393,91.88703634357393
581,1.0,1.0,99.70048862928215,99.70048862928215
582,1.0,1.0,92.38927140989304,92.38927140989304
583,1.0,1.0,89.93127415431262,89.93127415431262
584,0.7,0.85,94.50101281475088,80.32586089253824
585,0.7,0.85,88.60218428167289,75.31185663942196
586,0.7,0.85,86.13794992162995,73.21725743338546
587,0.7,0.85,86.93319582865973,73.89321645436077
588,0.7,0.85,86.92068758436659,73.8825844467116
589,0.7,0.85,87.27854040268441,74.18675934228175
590,0.7,0.85,87.08240758974115,74.02004645127998
591,0.4,0.6,94.61312117204822,56.76787270322893
592,0.4,0.6,87.72820126598717,52.6369207595923
593,0.4,0.6,90.18500924985796,54.11100554991477
594,0.4,0.6,98.45182614859017,59.0710956891541
595,0.4,0.6,92.10942460394308,55.26565476236585
596,0.4,0.6,95.0133660778154,57.00801964668924
597,0.4,0.6,87.58479806802444,52.55087884081466
598,0.4,0.6,87.88433528213007,52.73060116927804
599,0.4,0.6,85.61302924399719,51.367817546398314
600,0.4,0.6,87.53402594608247,52.52041556764948
601,0.4,0.6,89.17885508547938,53.50731305128763
602,0.4,0.6,87.6551572641512,52.59309435849072
603,0.4,0.6,86.33053800635584,51.7983228038135
604,0.4,0.6,86.809538066509,52.0857228399054
605,0.4,0.6,91.91168152049089,55.14700891229453
606,0.4,0.6,88.0950057760869,52.857003465652134
607,0.4,0.6,90.46404791572112,54.27842874943267
608,0.4,0.6,92.55125906282285,55.530755437693706
609,0.4,0.6,95.35592242944048,57.21355345766429
610,0.4,0.6,85.58968209761649,51.35380925856989
611,0.4,0.6,96.99115598363564,58.19469359018138
612,0.4,0.6,94.41850584236361,56.65110350541817
613,0.4,0.6,86.22638547923307,51.735831287539845
614,0.4,0.6,98.10367936160166,58.862207616960994
615,0.4,0.6,98.8130860079772,59.28785160478632
616,0.4,0.6,85.91616939782296,51.54970163869377
617,0.4,0.6,89.15316472220806,53.49189883332483
618,0.4,0.6,97.09301919689592,58.25581151813755
619,0.4,0.6,96.22389535575488,57.734337213452925
620,0.4,0.6,87.76781529034567,52.6606891742074
621,0.4,0.6,88.14023985005065,52.88414391003039
622,0.4,0.6,90.55708154187073,54.33424892512244
623,0.4,0.6,92.26784477786532,55.36070686671919
624,0.4,0.6,94.27382157295443,56.56429294377266
625,0.4,0.6,90.53370459354659,54.320222756127954
626,0.4,0.6,91.93802074199722,55.162812445198334
627,0.4,0.6,96.21206407200634,57.7272384432038
628,0.4,0.6,85.55024804335896,51.330148826015375
629,0.4,0.6,88.78655416516031,53.27193249909619
630,0.4,0.6,95.70024378826828,57.42014627296097
631,0.4,0.6,98.428102565308,59.056861539184794
632,0.4,0.6,92.675161631735,55.605096979040994
633,0.4,0.6,92.98170227897974,55.78902136738784
634,0.4,0.6,86.60758017009664,51.96454810205798
635,0.4,0.6,91.71118550235182,55.02671130141109
636,0.4,0.6,92.98925899682534,55.7935553980952
637,0.4,0.6,88.63705755452095,53.18223453271257
638,0.4,0.6,89.03864846424071,53.423189078544425
639,0.4,0.6,90.65926244656934,54.39555746794161
640,0.4,0.6,85.3010679666659,51.180640779999536
641,0.4,0.6,89.83118748374767,53.8987124902486
642,0.4,0.6,88.17172010494816,52.9030320629689
643,0.4,0.6,89.91246028266872,53.94747616960123
644,0.4,0.6,86.79643197728876,52.07785918637325
645,0.4,0.6,98.35790921109842,59.01474552665905
646,0.4,0.6,93.90388680331073,56.342332081986434
647,0.4,0.6,95.18653478716735,57.11192087230041
648,0.4,0.6,96.83756857911007,58.10254114746604
649,0.4,0.6,92.47663298393586,55.48597979036151
650,0.7,0.85,86.30380432131136,73.35823367311465
651,0.7,0.85,93.05659812727822,79.09810840818649
652,0.7,0.85,93.8026167703132,79.73222425476621
653,0.7,0.85,96.18159211276495,81.75435329585021
654,0.7,0.85,91.4748931934452,77.75365921442841
655,0.7,0.85,86.91370454193346,73.87664886064344
656,0.7,0.85,89.25663858698087,75.86814279893373
657,0.7,0.85,90.44623444597953,76.8792992790826
658,0.7,0.85,94.68875861997402,80.48544482697793
659,0.7,0.85,93.56167457003367,79.52742338452862
660,0.7,0.85,90.34145088846769,76.79023325519753
661,0.7,0.85,99.7977287318947,84.82806942211049
662,0.7,0.85,94.0866222903533,79.9736289468003
663,0.7,0.85,88.55840187603992,75.27464159463393
664,0.4,0.6,86.52673708930605,51.91604225358363
665,0.4,0.6,87.29288708776498,52.375732252658985
666,0.4,0.6,88.68936592576762,53.21361955546057
667,0.4,0.6,87.41022059889333,52.446132359336
668,0.4,0.6,87.79850536076958,52.67910321646175
669,0.4,0.6,89.2764275304077,53.56585651824462
670,0.4,0.6,87.60060392942133,52.56036235765279
671,0.4,0.6,98.45148136939638,59.07088882163782
672,0.4,0.6,86.20350618492463,51.72210371095478
673,0.4,0.6,92.86767084355382,55.720602506132295
674,0.4,0.6,91.15595240484492,54.69357144290695
675,0.4,0.6,99.7356792536291,59.84140755217746
676,0.4,0.6,86.68058353252079,52.00835011951247
677,0.4,0.6,90.96783398568613,54.580700391411675
678,0.4,0.6,99.54205649913054,59.72523389947832
679,0.4,0.6,97.9826068884097,58.78956413304582
680,0.4,0.6,97.2560810642392,58.35364863854352
681,0.4,0.6,88.86854240567409,53.321125443404455
682,0.4,0.6,87.56331381085099,52.53798828651059
683,0.4,0.6,95.02964829886646,57.017788979319874
684,0.4,0.6,98.94063983691379,59.36438390214827
685,0.4,0.6,93.35144339520895,56.01086603712537
686,0.4,0.6,93.5741903420485,56.14451420522909
687,0.4,0.6,89.19968640490427,53.51981184294256
688,0.4,0.6,96.54239399787906,57.925436398727435
689,0.4,0.6,87.80565622836285,52.68339373701771
690,0.4,0.6,89.85518854606366,53.91311312763819
691,0.4,0.6,91.38154657924625,54.82892794754775
692,0.4,0.6,92.61415568026682,55.56849340816009
693,0.4,0.6,88.63614598622621,53.181687591735724
694,0.4,0.6,86.72255237108806,52.033531422652835
695,0.4,0.6,94.1593006366245,56.4955803819747
696,0.7,0.85,89.32945829860384,75.93003955381326
697,0.7,0.85,93.71857332133918,79.6607873231383
698,0.4,0.6,87.31544072911304,52.38926443746782
699,0.4,0.6,92.21710152782227,55.330260916693355
700,0.4,0.6,92.98884148827379,55.79330489296427
701,0.4,0.6,85.77735305233641,51.46641183140184
702,0.4,0.6,90.04906417290881,54.02943850374529
703,0.4,0.6,87.0162201540846,52.209732092450764
704,0.4,0.6,85.95062455709152,51.570374734254905
705,0.4,0.6,99.84940348584918,59.909642091509504
706,0.4,0.6,89.83530767462085,53.90118460477251
707,0.4,0.6,97.14811668781952,58.28887001269171
708,0.4,0.6,88.81960982145645,53.29176589287387
709,0.4,0.6,95.22254083335893,57.13352450001536
710,0.4,0.6,96.4034178983453,57.84205073900718
711,0.4,0.6,93.93458110911766,56.360748665470595
712,0.4,0.6,92.07364282825237,55.244185696951426
713,0.4,0.6,91.17761371220902,54.70656822732541
714,0.4,0.6,90.23302399814493,54.139814398886955
715,0.4,0.6,98.94293716371739,59.36576229823043
716,0.4,0.6,97.45929111681593,58.47557467008956
717,0.4,0.6,99.47540365999768,59.685242195998605
718,0.4,0.6,86.86445835228317,52.118675011369895
719,0.4,0.6,95.96301212805466,57.57780727683279
720,0.4,0.6,99.07510685231557,59.44506411138934
721,0.4,0.6,87.7184959924849,52.63109759549094
722,0.4,0.6,85.99744401050167,51.598466406301
723,0.4,0.6,96.11680973935088,57.67008584361053
724,0.4,0.6,93.61709669769868,56.17025801861921
725,0.4,0.6,97.62743165137408,58.57645899082445
726,0.4,0.6,87.09658564939434,52.2579513896366
727,0.4,0.6,96.92900967789835,58.15740580673901
728,0.4,0.6,88.02440980071617,52.8146458804297
729,0.4,0.6,87.45483914298556,52.472903485791335
730,0.4,0.6,87.46398696896489,52.47839218137893
731,0.4,0.6,97.21862080347073,58.33117248208244
732,0.4,0.6,94.977958310443,56.9867749862658
733,0.4,0.6,92.8459813715368,55.70758882292208
734,0.4,0.6,90.38245726185254,54.22947435711152
735,0.4,0.6,98.15800811219663,58.89480486731797
736,0.4,0.6,90.88667661133952,54.532005966803716
737,0.4,0.6,97.24899159207365,58.349394955244186
738,0.4,0.6,91.58702362855328,54.95221417713197
739,0.4,0.6,90.65416644137362,54.39249986482417
740,0.4,0.6,91.9401967850441,55.16411807102646
741,0.4,0.6,89.52066811246213,53.71240086747728
742,0.4,0.6,96.21414070264376,57.72848442158625
743,0.7,0.85,92.54080585138719,78.6596849736791
744,0.7,0.85,88.48319042720226,75.21071186312192
745,0.7,0.85,98.49361859911852,83.71957580925074
746,1.0,1.0,90.75836832059817,90.75836832059817
747,1.0,1.0,93.15329291670983,93.15329291670983
748,1.0,1.0,98.5970816644682,98.5970816644682
749,1.0,1.0,94.36356993870989,94.36356993870989
750,1.0,1.0,86.75347061062546,86.75347061062546
751,1.0,1.0,99.09748185420213,99.09748185420213
752,1.0,1.0,94.41562079607127,94.41562079607127
753,1.0,1.0,90.02358421985629,90.02358421985629
754,1.0,1.0,87.08908108995081,87.08908108995081
755,1.0,1.0,96.91037783905443,96.91037783905443
756,1.0,1.0,94.3010913389277,94.3010913389277
757,1.0,1.0,93.00191637964483,93.00191637964483
758,1.0,1.0,98.40838874576437,98.40838874576437
759,1.0,1.0,96.82895816836796,96.82895816836796
760,1.0,1.0,87.27512319599127,87.27512319599127
761,1.0,1.0,89.67583101693322,89.67583101693322
762,1.0,1.0,88.72733709721699,88.72733709721699
763,1.0,1.0,96.15919438859015,96.15919438859015
764,1.0,1.0,85.50298652103669,85.50298652103669
765,1.0,1.0,93.54834527306974,93.54834527306974
766,1.0,1.0,96.43688028611035,96.43688028611035
767,1.0,1.0,98.15148455142624,98.15148455142624
768,1.0,1.0,90.1312262307386,90.1312262307386
769,1.0,1.0,97.31885957008019,97.31885957008019
770,1.0,1.0,86.65947605432811,86.65947605432811
771,1.0,1.0,97.69678437601777,97.69678437601777
772,1.0,1.0,86.91232993497974,86.91232993497974
773,1.0,1.0,90.9593093584055,90.9593093584055
774,1.0,1.0,96.95943048669331,96.95943048669331
775,1.0,1.0,87.24876141023161,87.24876141023161
776,1.0,1.0,88.43877092848962,88.43877092848962
777,1.0,1.0,95.833788525896,95.833788525896
778,1.0,1.0,95.80054804819112,95.80054804819112
779,1.0,1.0,94.61721449327946,94.61721449327946
780,1.0,1.0,95.4092266670065,95.4092266670065
781,1.0,1.0,93.14086665021394,93.14086665021394
782,1.0,1.0,88.7769858836043,88.7769858836043
783,1.0,1.0,90.1854399025588,90.1854399025588
784,1.0,1.0,87.72396575202139,87.72396575202139
785,1.0,1.0,98.62675842000442,98.62675842000442
786,1.0,1.0,93.75087692149181,93.75087692149181
787,1.0,1.0,91.0127712514546,91.0127712514546
788,1.0,1.0,91.930087054662,91.930087054662
789,1.0,1.0,99.20925009417724,99.20925009417724
790,1.0,1.0,87.3002710467412,87.3002710467412
791,1.0,1.0,93.79344748025196,93.79344748025196
792,1.0,1.0,92.58833018326699,92.58833018326699
793,1.0,1.0,94.17181353151972,94.17181353151972
794,1.0,1.0,85.27165275731261,85.27165275731261
795,1.0,1.0,98.08185863416227,98.08185863416227
796,1.0,1.0,98.98177423725419,98.98177423725419
797,1.0,1.0,93.47699775383813,93.47699775383813
798,1.0,1.0,95.44976235815338,95.44976235815338
799,1.0,1.0,98.83749071765943,98.83749071765943
800,1.0,1.0,95.60857951470098,95.60857951470098
801,1.0,1.0,87.28808564371391,87.28808564371391
802,1.0,1.0,93.6443254025022,93.6443254025022
803,1.0,1.0,94.10072569574284,94.10072569574284
804,1.0,1.0,91.3619600695358,91.3619600695358
805,1.0,1.0,96.04666353437085,96.04666353437085
806,1.0,1.0,99.01550522153522,99.01550522153522
807,1.0,1.0,98.88352769360165,98.88352769360165
808,1.0,1.0,91.76259057106198,91.76259057106198
809,1.0,1.0,86.69857068761132,86.69857068761132
810,1.0,1.0,99.77261798443502,99.77261798443502
811,1.0,1.0,97.58347129668901,97.58347129668901
812,1.0,1.0,86.86994021804901,86.86994021804901
813,1.0,1.0,98.81262823926059,98.81262823926059
814,1.0,1.0,98.04844543093192,98.04844543093192
815,1.0,1.0,92.78257085689108,92.78257085689108
816,1.0,1.0,93.86913153617394,93.86913153617394
817,1.0,1.0,90.98504055805195,90.98504055805195
818,1.0,1.0,85.82142458233047,85.82142458233047
819,1.0,1.0,90.02795862468851,90.02795862468851
820,1.0,1.0,97.04280172897018,97.04280172897018
821,1.0,1.0,85.06948034506904,85.06948034506904
822,1.0,1.0,90.00248757536716,90.00248757536716
823,1.0,1.0,90.97253040386416,90.97253040386416
824,1.0,1.0,93.06093404406884,93.06093404406884
825,1.0,1.0,98.7978342461914,98.7978342461914
826,1.0,1.0,90.19518991548942,90.19518991548942
827,1.0,1.0,90.20429802844342,90.20429802844342
828,1.0,1.0,96.06251872164623,96.06251872164623
829,1.0,1.0,91.7832691133471,91.7832691133471
830,1.0,1.0,88.36907234409973,88.36907234409973
831,1.0,1.0,91.7865927419904,91.7865927419904
832,1.0,1.0,87.112855305697,87.112855305697
833,1.0,1.0,87.64580479759334,87.64580479759334
834,1.0,1.0,92.4755165910922,92.4755165910922
835,1.0,1.0,91.28388174256821,91.28388174256821
836,1.0,1.0,98.7226885160215,98.7226885160215
837,1.0,1.0,90.4359084867495,90.4359084867495
838,1.0,1.0,93.70882525417065,93.70882525417065
839,1.0,1.0,94.48396431879296,94.48396431879296
840,1.0,1.0,85.19641684882501,85.19641684882501
841,1.0,1.0,94.95306058025066,94.95306058025066
842,1.0,1.0,87.67053950304627,87.67053950304627
843,1.0,1.0,99.41605476204182,99.41605476204182
844,1.0,1.0,87.2299409162967,87.2299409162967
845,1.0,1.0,91.21936185590536,91.21936185590536
846,1.0,1.0,86.28024502117965,86.28024502117965
847,1.0,1.0,99.95311377768921,99.95311377768921
848,1.0,1.0,92.53292515496864,92.53292515496864
849,1.0,1.0,93.93077525980065,93.93077525980065
850,1.0,1.0,86.00614716082642,86.00614716082642
851,1.0,1.0,96.24940705598766,96.24940705598766
852,1.0,1.0,88.14858389643379,88.14858389643379
853,1.0,1.0,98.4708143416107,98.4708143416107
854,1.0,1.0,88.07709460723011,88.07709460723011
855,1.0,1.0,87.860315809955,87.860315809955
856,1.0,1.0,85.54824501772143,85.54824501772143
857,1.0,1.0,92.08100417664998,92.08100417664998
858,1.0,1.0,93.47261699893924,93.47261699893924
859,1.0,1.0,85.98562959142528,85.98562959142528
860,1.0,1.0,96.63291425042516,96.63291425042516
861,1.0,1.0,91.7993325212204,91.7993325212204
862,1.0,1.0,92.8658540399137,92.8658540399137
863,1.0,1.0,91.61144120407343,91.61144120407343
864,0.7,0.85,91.01144591312989,77.35972902616041
865,0.7,0.85,93.39460496962327,79.38541422417978
866,1.0,1.0,87.32860368896068,87.32860368896068
867,1.0,1.0,87.72892195742907,87.72892195742907
868,1.0,1.0,97.92678431520275,97.92678431520275
869,1.0,1.0,99.19173193200449,99.19173193200449
870,1.0,1.0,90.5996397441963,90.5996397441963
871,1.0,1.0,89.06117009715331,89.06117009715331
872,1.0,1.0,94.65999314858524,94.65999314858524
873,1.0,1.0,91.13101256647144,91.13101256647144
874,1.0,1.0,85.38079533490517,85.38079533490517
875,1.0,1.0,87.34228896049285,87.34228896049285
876,1.0,1.0,95.73958343271096,95.73958343271096
877,1.0,1.0,94.88385912865228,94.88385912865228
878,1.0,1.0,85.40643988755225,85.40643988755225
879,1.0,1.0,88.32958242899424,88.32958242899424
880,1.0,1.0,88.46612194882107,88.46612194882107
881,1.0,1.0,95.07839115398093,95.07839115398093
882,1.0,1.0,85.29565806631547,85.29565806631547
883,1.0,1.0,86.56162872976861,86.56162872976861
884,1.0,1.0,96.99874128059784,96.99874128059784
885,1.0,1.0,87.678169930815,87.678169930815
886,1.0,1.0,94.79119161777813,94.79119161777813
887,1.0,1.0,88.5727417157009,88.5727417157009
888,1.0,1.0,86.49162089139018,86.49162089139018
889,0.7,0.85,88.64758286499182,75.35044543524305
890,0.7,0.85,95.83400397783488,81.45890338115964
891,0.7,0.85,97.83544702159429,83.16012996835515
892,0.7,0.85,97.45329796850487,82.83530327322914
893,0.7,0.85,90.95775294427682,77.3140900026353
894,0.7,0.85,95.0212770485597,80.76808549127574
895,0.7,0.85,88.07476443123731,74.86354976655171
896,0.7,0.85,89.3972159539152,75.98763356082792
897,0.7,0.85,98.4450372778168,83.67828168614427
898,0.7,0.85,85.19502885266104,72.41577452476189
899,0.7,0.85,86.28262796281702,73.34023376839447
900,0.7,0.85,88.11829382719041,74.90054975311185
901,1.0,1.0,85.3979830581073,85.3979830581073
902,1.0,1.0,87.72153152634696,87.72153152634696
903,1.0,1.0,93.74562341454538,93.74562341454538
904,1.0,1.0,91.32136825888747,91.32136825888747
905,1.0,1.0,98.39007566615462,98.39007566615462
906,1.0,1.0,97.2616534260766,97.2616534260766
907,1.0,1.0,90.12726027546815,90.12726027546815
908,1.0,1.0,88.89135150146939,88.89135150146939
909,1.0,1.0,90.695386122509,90.695386122509
910,1.0,1.0,93.85442413772212,93.85442413772212
911,1.0,1.0,89.02095461234315,89.02095461234315
912,0.7,0.85,94.362233617737,80.20789857507646
913,0.7,0.85,91.1411747828686,77.46999856543832
914,0.7,0.85,93.2807077127797,79.28860155586274
915,0.7,0.85,91.54189793702974,77.81061324647528
916,0.7,0.85,89.41698639312877,76.00443843415945
917,0.7,0.85,99.22679960443236,84.3427796637675
918,0.7,0.85,96.4540869123964,81.98597387553694
919,0.7,0.85,87.1016976364968,74.03644299102227
920,0.7,0.85,98.02701963846869,83.32296669269839
921,1.0,1.0,92.31146797374271,92.31146797374271
922,1.0,1.0,98.41828340341137,98.41828340341137
923,1.0,1.0,96.99782883920973,96.99782883920973
924,1.0,1.0,91.3782025670385,91.3782025670385
925,1.0,1.0,85.33703962480176,85.33703962480176
926,1.0,1.0,89.03016039077418,89.03016039077418
927,1.0,1.0,93.124513219913,93.124513219913
928,1.0,1.0,94.5021732973922,94.5021732973922
929,1.0,1.0,88.86831528149803,88.86831528149803
930,1.0,1.0,87.09034111109236,87.09034111109236
931,1.0,1.0,97.52395355198949,97.52395355198949
932,1.0,1.0,99.76603271055328,99.76603271055328
933,1.0,1.0,92.88535273454029,92.88535273454029
934,1.0,1.0,87.57518928772456,87.57518928772456
935,1.0,1.0,89.08460989779053,89.08460989779053
936,1.0,1.0,85.275860148212,85.275860148212
937,1.0,1.0,98.71448209840749,98.71448209840749
938,1.0,1.0,86.76626624335212,86.76626624335212
939,1.0,1.0,93.6477471327138,93.6477471327138
940,1.0,1.0,89.1108283103081,89.1108283103081
941,1.0,1.0,93.3126700377369,93.3126700377369
942,1.0,1.0,94.77130582527796,94.77130582527796
943,1.0,1.0,97.44612705560803,97.44612705560803
944,1.0,1.0,88.09631907640905,88.09631907640905
945,1.0,1.0,85.16493742987721,85.16493742987721
946,1.0,1.0,87.05328445103211,87.05328445103211
947,1.0,1.0,98.50027962772158,98.50027962772158
948,1.0,1.0,98.10835116343773,98.10835116343773
949,1.0,1.0,93.96119653255462,93.96119653255462
950,1.0,1.0,94.0077529065048,94.0077529065048
951,1.0,1.0,94.97555011819384,94.97555011819384
952,1.0,1.0,87.63056917935174,87.63056917935174
953,1.0,1.0,98.71617918887439,98.71617918887439
954,0.7,0.85,91.2815578733811,77.58932419237394
955,0.7,0.85,90.74707792374247,77.1350162351811
956,0.7,0.85,92.78376557924257,78.86620074235618
957,0.7,0.85,85.70448950162583,72.84881607638195
958,0.7,0.85,87.4942505313412,74.37011295164001
959,0.7,0.85,96.07050424639556,81.65992860943622
960,0.7,0.85,86.2419800188769,73.30568301604536
961,0.7,0.85,94.04728164199582,79.94018939569645
962,0.7,0.85,88.68023664521982,75.37820114843684
963,0.7,0.85,90.83943421062965,77.2135190790352
964,0.7,0.85,89.3304060515605,75.93084514382643
965,0.7,0.85,90.33509074697423,76.7848271349281
966,0.7,0.85,95.78568857776368,81.41783529109912
967,0.7,0.85,89.45682573434763,76.03830187419548
968,0.7,0.85,93.49606960445345,79.47165916378543
969,1.0,1.0,92.1407560329865,92.1407560329865
970,1.0,1.0,94.95506748043972,94.95506748043972
971,1.0,1.0,99.05244608987137,99.05244608987137
972,1.0,1.0,95.98858145815376,95.98858145815376
973,1.0,1.0,88.22410567886135,88.22410567886135
974,1.0,1.0,85.46774702591927,85.46774702591927
975,1.0,1.0,88.93396066449738,88.93396066449738
976,1.0,1.0,93.92616896050382,93.92616896050382
977,1.0,1.0,85.77138720226375,85.77138720226375
978,1.0,1.0,92.44549370801855,92.44549370801855
979,1.0,1.0,93.95264273375334,93.95264273375334
980,1.0,1.0,90.01365836225442,90.01365836225442
981,1.0,1.0,96.56368305618733,96.56368305618733
982,1.0,1.0,86.59897379700658,86.59897379700658
983,1.0,1.0,86.12706672603713,86.12706672603713
984,1.0,1.0,95.92283134305404,95.92283134305404
985,1.0,1.0,92.43236974309298,92.43236974309298
986,1.0,1.0,95.32603594641604,95.32603594641604
987,1.0,1.0,91.52241007905619,91.52241007905619
988,1.0,1.0,88.69603049858661,88.69603049858661
989,1.0,1.0,97.286534765113,97.286534765113
990,1.0,1.0,96.9912381845347,96.9912381845347
991,1.0,1.0,95.42044706281641,95.42044706281641
992,1.0,1.0,89.08217705844945,89.08217705844945
993,1.0,1.0,93.8534600030363,93.8534600030363
994,1.0,1.0,90.4146084541004,90.4146084541004
995,1.0,1.0,86.37373109989952,86.37373109989952
996,1.0,1.0,98.75970363193365,98.75970363193365
997,1.0,1.0,87.05227946378442,87.05227946378442
998,1.0,1.0,99.25356030731203,99.25356030731203
999,1.0,1.0,91.69008659436933,91.69008659436933
